-- phpMyAdmin SQL Dump
-- version 4.1.14
-- http://www.phpmyadmin.net
--
-- Host: 127.0.0.1
-- Generation Time: Oct 17, 2018 at 11:41 AM
-- Server version: 5.6.17
-- PHP Version: 5.5.12

SET SQL_MODE = "NO_AUTO_VALUE_ON_ZERO";
SET time_zone = "+00:00";


/*!40101 SET @OLD_CHARACTER_SET_CLIENT=@@CHARACTER_SET_CLIENT */;
/*!40101 SET @OLD_CHARACTER_SET_RESULTS=@@CHARACTER_SET_RESULTS */;
/*!40101 SET @OLD_COLLATION_CONNECTION=@@COLLATION_CONNECTION */;
/*!40101 SET NAMES utf8 */;

--
-- Database: `cudi_trader`
--

-- --------------------------------------------------------

--
-- Table structure for table `admin`
--

CREATE TABLE IF NOT EXISTS `admin` (
  `id` int(3) NOT NULL AUTO_INCREMENT,
  `first_name` varchar(25) NOT NULL,
  `last_name` varchar(25) NOT NULL,
  `email` varchar(255) NOT NULL,
  `mobile1` varchar(15) NOT NULL,
  `mobile2` varchar(15) NOT NULL,
  `password` char(60) NOT NULL,
  `role` char(5) NOT NULL,
  `created_on` datetime NOT NULL,
  `last_login` datetime NOT NULL,
  `last_seen` datetime NOT NULL,
  `last_edited` timestamp NOT NULL DEFAULT CURRENT_TIMESTAMP ON UPDATE CURRENT_TIMESTAMP,
  `account_status` char(1) NOT NULL DEFAULT '1',
  `deleted` char(1) NOT NULL DEFAULT '0',
  PRIMARY KEY (`id`),
  UNIQUE KEY `email` (`email`),
  UNIQUE KEY `mobile1` (`mobile1`)
) ENGINE=InnoDB  DEFAULT CHARSET=latin1 AUTO_INCREMENT=4 ;

--
-- Dumping data for table `admin`
--

INSERT INTO `admin` (`id`, `first_name`, `last_name`, `email`, `mobile1`, `mobile2`, `password`, `role`, `created_on`, `last_login`, `last_seen`, `last_edited`, `account_status`, `deleted`) VALUES
(1, 'Admin', 'Demo', 'admin@cuditrader.com', '08021111111', '07032222222', '$2y$10$xvZEu0oJJA.q2Y59J7BgaOWpe0eckqZ/pxEChrljzF9ioxU8hKPpq', 'Super', '2017-01-04 22:19:16', '2018-10-17 07:53:05', '2018-09-25 13:28:32', '2018-10-17 06:53:05', '1', '0'),
(2, 'Ade', 'Baba', 'adebaba@cuditrader.com', '08098765432', '', '$2y$10$fquo/YtPgOHC6dI7u2DEfu/3pxnZqE3RfnWXftx1eCKtVZkC7el2q', 'Basic', '2018-08-09 15:55:43', '0000-00-00 00:00:00', '0000-00-00 00:00:00', '2018-08-09 15:52:04', '1', '0'),
(3, 'Ade', 'Minho', 'ademinho@vir.us', '08012345678', '', '$2y$10$tYZKsRjIa7szHYkgo.lOoO89wbZbBo5mNvR/6e/aB1I1NFdTYYLLm', 'Basic', '2018-08-12 17:40:23', '0000-00-00 00:00:00', '0000-00-00 00:00:00', '2018-08-12 16:40:23', '1', '0');

-- --------------------------------------------------------

--
-- Table structure for table `banks`
--

CREATE TABLE IF NOT EXISTS `banks` (
  `id` int(11) NOT NULL AUTO_INCREMENT,
  `name` varchar(25) NOT NULL,
  `description` varchar(128) NOT NULL,
  PRIMARY KEY (`id`)
) ENGINE=InnoDB  DEFAULT CHARSET=latin1 AUTO_INCREMENT=7 ;

--
-- Dumping data for table `banks`
--

INSERT INTO `banks` (`id`, `name`, `description`) VALUES
(1, 'First Bank', 'we added you first'),
(2, 'Sterling Bank', 'just add this'),
(3, 'Union Bank', 'The Federation'),
(4, 'Guaranty Trust Bank', 'Awesome place! (I think)'),
(5, 'Access Bank', '&gt;&gt;&gt;'),
(6, 'Eco Bank', 'Blue and White, I guess.');

-- --------------------------------------------------------

--
-- Table structure for table `bank_account_types`
--

CREATE TABLE IF NOT EXISTS `bank_account_types` (
  `id` int(11) NOT NULL AUTO_INCREMENT,
  `name` varchar(25) NOT NULL,
  `description` varchar(128) NOT NULL,
  PRIMARY KEY (`id`)
) ENGINE=InnoDB  DEFAULT CHARSET=latin1 AUTO_INCREMENT=4 ;

--
-- Dumping data for table `bank_account_types`
--

INSERT INTO `bank_account_types` (`id`, `name`, `description`) VALUES
(1, 'Current', 'I=P/V'),
(2, 'Savings', 'Save money and receive tiny interest.'),
(3, 'Credit', 'Credit Account');

-- --------------------------------------------------------

--
-- Table structure for table `bank_details`
--

CREATE TABLE IF NOT EXISTS `bank_details` (
  `id` int(11) NOT NULL AUTO_INCREMENT,
  `user_id` int(11) NOT NULL,
  `bank_id` int(11) NOT NULL,
  `account_number` varchar(25) NOT NULL,
  `account_name` text NOT NULL,
  `account_type_id` int(11) NOT NULL,
  `is_primary` int(1) NOT NULL DEFAULT '0' COMMENT 'is primary account',
  `description` varchar(128) NOT NULL,
  `added_on` datetime NOT NULL,
  `deleted` tinyint(1) NOT NULL DEFAULT '0',
  PRIMARY KEY (`id`)
) ENGINE=InnoDB  DEFAULT CHARSET=latin1 AUTO_INCREMENT=16 ;

--
-- Dumping data for table `bank_details`
--

INSERT INTO `bank_details` (`id`, `user_id`, `bank_id`, `account_number`, `account_name`, `account_type_id`, `is_primary`, `description`, `added_on`, `deleted`) VALUES
(1, 2, 4, '0023452209', 'Olu Segun', 2, 0, 'My main account', '0000-00-00 00:00:00', 1),
(2, 2, 4, '0153740621', 'Samuel Olusegun Ojo', 2, 0, 'This is my account', '0000-00-00 00:00:00', 0),
(3, 2, 2, '000123454321', 'Olusegun Ojo', 1, 0, 'This is my primary account', '0000-00-00 00:00:00', 0),
(4, 2, 5, '0012394829', 'Olu Segun', 2, 0, 'Descriptive', '0000-00-00 00:00:00', 0),
(5, 2, 3, '012934839', 'Olusegunion', 2, 0, 'My Union Bank Account', '0000-00-00 00:00:00', 0),
(6, 2, 1, '004433344', 'Segun Ojo', 1, 0, 'This is my main account for today', '0000-00-00 00:00:00', 0),
(7, 2, 5, '0122344899', 'Accessible', 2, 0, 'primary o', '0000-00-00 00:00:00', 1),
(8, 2, 1, '0293459392', 'First Ojo', 1, 0, 'Describe it yourself.', '0000-00-00 00:00:00', 0),
(9, 2, 5, '2455666777', '', 1, 0, '', '0000-00-00 00:00:00', 0),
(10, 2, 4, '0392389409', 'Samuel Olusegun Ojo', 2, 0, '', '0000-00-00 00:00:00', 0),
(11, 4, 2, '0293458123', 'Ade Faleti', 2, 1, 'My main account', '0000-00-00 00:00:00', 0),
(12, 4, 1, '0342356677', 'Faleti Bayo', 1, 0, 'Descriptive', '0000-00-00 00:00:00', 0),
(13, 4, 4, '0987654321', 'Adebayo Faleti', 2, 0, 'Main account. The main, the main.', '0000-00-00 00:00:00', 0),
(14, 4, 4, '0342356677', 'Adebayo Faleti', 2, 0, '', '0000-00-00 00:00:00', 0),
(15, 2, 6, '0009341129', 'My Echo', 2, 1, 'My Blue', '0000-00-00 00:00:00', 0);

-- --------------------------------------------------------

--
-- Table structure for table `collateral_units`
--

CREATE TABLE IF NOT EXISTS `collateral_units` (
  `id` int(11) NOT NULL AUTO_INCREMENT,
  `name` varchar(25) NOT NULL,
  `logo` varchar(255) NOT NULL COMMENT 'path to the currency logo OR HTML character number',
  `api_url` varchar(255) NOT NULL,
  `markup` double NOT NULL DEFAULT '0',
  PRIMARY KEY (`id`)
) ENGINE=InnoDB  DEFAULT CHARSET=latin1 COMMENT='I may need to merge with loan_units to form units' AUTO_INCREMENT=5 ;

--
-- Dumping data for table `collateral_units`
--

INSERT INTO `collateral_units` (`id`, `name`, `logo`, `api_url`, `markup`) VALUES
(1, 'Bitcoin', '&amp;#x20BF;', 'https://api.coinmarketcap.com/v1/ticker/bitcoin/', 25),
(2, 'Ethereum', 'ETH', 'https://api.coinmarketcap.com/v1/ticker/ethereum/', 25);

-- --------------------------------------------------------

--
-- Table structure for table `cudi_sess`
--

CREATE TABLE IF NOT EXISTS `cudi_sess` (
  `id` varchar(40) NOT NULL,
  `ip_address` varchar(45) NOT NULL,
  `timestamp` int(10) unsigned NOT NULL DEFAULT '0',
  `data` blob NOT NULL
) ENGINE=InnoDB DEFAULT CHARSET=latin1;

--
-- Dumping data for table `cudi_sess`
--

INSERT INTO `cudi_sess` (`id`, `ip_address`, `timestamp`, `data`) VALUES
('tbmtf7gv15hi3vod4nacek4ifjuhqi8f', '::1', 1537363380, 0x5f5f63695f6c6173745f726567656e65726174657c693a313533373336333337313b61646d696e5f69647c733a313a2231223b61646d696e5f656d61696c7c733a32303a2261646d696e40637564697472616465722e636f6d223b61646d696e5f726f6c657c733a353a225375706572223b61646d696e5f696e697469616c7c733a313a2241223b61646d696e5f6e616d657c733a31303a2241646d696e2044656d6f223b),
('s89lu164bb1tovk6lkljkic2vqq3cfr6', '::1', 1537363371, ''),
('vmjfa0t74fvkfau8165d3tu81q54qndp', '::1', 1537363520, 0x5f5f63695f6c6173745f726567656e65726174657c693a313533373336333338323b61646d696e5f69647c733a313a2231223b61646d696e5f656d61696c7c733a32303a2261646d696e40637564697472616465722e636f6d223b61646d696e5f726f6c657c733a353a225375706572223b61646d696e5f696e697469616c7c733a313a2241223b61646d696e5f6e616d657c733a31303a2241646d696e2044656d6f223b6964656e746974797c733a31373a226166616c65746940676d61696c2e636f6d223b656d61696c7c733a31373a226166616c65746940676d61696c2e636f6d223b757365725f69647c733a313a2234223b6f6c645f6c6173745f6c6f67696e7c733a31303a2231353337323739323834223b6c6173745f636865636b7c693a313533373336333338323b),
('l3dvtkb2ig6dtm6v4fg4n37c8fnhvfvb', '::1', 1537365828, 0x5f5f63695f6c6173745f726567656e65726174657c693a313533373336333736303b61646d696e5f69647c733a313a2231223b61646d696e5f656d61696c7c733a32303a2261646d696e40637564697472616465722e636f6d223b61646d696e5f726f6c657c733a353a225375706572223b61646d696e5f696e697469616c7c733a313a2241223b61646d696e5f6e616d657c733a31303a2241646d696e2044656d6f223b6964656e746974797c733a31373a226166616c65746940676d61696c2e636f6d223b656d61696c7c733a31373a226166616c65746940676d61696c2e636f6d223b757365725f69647c733a313a2234223b6f6c645f6c6173745f6c6f67696e7c733a31303a2231353337323739323834223b6c6173745f636865636b7c693a313533373336333338323b),
('t0ga63rtv0dvkp2nmu19i55mk982trud', '::1', 1537366185, 0x5f5f63695f6c6173745f726567656e65726174657c693a313533373336353833303b61646d696e5f69647c733a313a2231223b61646d696e5f656d61696c7c733a32303a2261646d696e40637564697472616465722e636f6d223b61646d696e5f726f6c657c733a353a225375706572223b61646d696e5f696e697469616c7c733a313a2241223b61646d696e5f6e616d657c733a31303a2241646d696e2044656d6f223b6964656e746974797c733a31373a226166616c65746940676d61696c2e636f6d223b656d61696c7c733a31373a226166616c65746940676d61696c2e636f6d223b757365725f69647c733a313a2234223b6f6c645f6c6173745f6c6f67696e7c733a31303a2231353337323739323834223b6c6173745f636865636b7c693a313533373336333338323b),
('rqga3uc3036o82e2eqn4ku43d316jddl', '::1', 1537366442, 0x5f5f63695f6c6173745f726567656e65726174657c693a313533373336363138373b61646d696e5f69647c733a313a2231223b61646d696e5f656d61696c7c733a32303a2261646d696e40637564697472616465722e636f6d223b61646d696e5f726f6c657c733a353a225375706572223b61646d696e5f696e697469616c7c733a313a2241223b61646d696e5f6e616d657c733a31303a2241646d696e2044656d6f223b6964656e746974797c733a31373a226166616c65746940676d61696c2e636f6d223b656d61696c7c733a31373a226166616c65746940676d61696c2e636f6d223b757365725f69647c733a313a2234223b6f6c645f6c6173745f6c6f67696e7c733a31303a2231353337323739323834223b6c6173745f636865636b7c693a313533373336333338323b),
('46gtqqjpjf3v0mgifmbilguuu03pmhs3', '::1', 1537366565, 0x5f5f63695f6c6173745f726567656e65726174657c693a313533373336363530343b61646d696e5f69647c733a313a2231223b61646d696e5f656d61696c7c733a32303a2261646d696e40637564697472616465722e636f6d223b61646d696e5f726f6c657c733a353a225375706572223b61646d696e5f696e697469616c7c733a313a2241223b61646d696e5f6e616d657c733a31303a2241646d696e2044656d6f223b6964656e746974797c733a31373a226166616c65746940676d61696c2e636f6d223b656d61696c7c733a31373a226166616c65746940676d61696c2e636f6d223b757365725f69647c733a313a2234223b6f6c645f6c6173745f6c6f67696e7c733a31303a2231353337323739323834223b6c6173745f636865636b7c693a313533373336333338323b),
('v1p62sjaddbmodsfiuk91m9faol0h015', '::1', 1537367266, 0x5f5f63695f6c6173745f726567656e65726174657c693a313533373336373130363b61646d696e5f69647c733a313a2231223b61646d696e5f656d61696c7c733a32303a2261646d696e40637564697472616465722e636f6d223b61646d696e5f726f6c657c733a353a225375706572223b61646d696e5f696e697469616c7c733a313a2241223b61646d696e5f6e616d657c733a31303a2241646d696e2044656d6f223b6964656e746974797c733a31373a226166616c65746940676d61696c2e636f6d223b656d61696c7c733a31373a226166616c65746940676d61696c2e636f6d223b757365725f69647c733a313a2234223b6f6c645f6c6173745f6c6f67696e7c733a31303a2231353337323739323834223b6c6173745f636865636b7c693a313533373336333338323b),
('19ccjhb8btue4gun1rg50i1arveatbuj', '::1', 1537368172, 0x5f5f63695f6c6173745f726567656e65726174657c693a313533373336373934303b61646d696e5f69647c733a313a2231223b61646d696e5f656d61696c7c733a32303a2261646d696e40637564697472616465722e636f6d223b61646d696e5f726f6c657c733a353a225375706572223b61646d696e5f696e697469616c7c733a313a2241223b61646d696e5f6e616d657c733a31303a2241646d696e2044656d6f223b6964656e746974797c733a31373a226166616c65746940676d61696c2e636f6d223b656d61696c7c733a31373a226166616c65746940676d61696c2e636f6d223b757365725f69647c733a313a2234223b6f6c645f6c6173745f6c6f67696e7c733a31303a2231353337323739323834223b6c6173745f636865636b7c693a313533373336333338323b),
('d204b5n48plamal3aug9nm0di275bsdj', '::1', 1537370619, 0x5f5f63695f6c6173745f726567656e65726174657c693a313533373337303437393b61646d696e5f69647c733a313a2231223b61646d696e5f656d61696c7c733a32303a2261646d696e40637564697472616465722e636f6d223b61646d696e5f726f6c657c733a353a225375706572223b61646d696e5f696e697469616c7c733a313a2241223b61646d696e5f6e616d657c733a31303a2241646d696e2044656d6f223b6964656e746974797c733a31373a226166616c65746940676d61696c2e636f6d223b656d61696c7c733a31373a226166616c65746940676d61696c2e636f6d223b757365725f69647c733a313a2234223b6f6c645f6c6173745f6c6f67696e7c733a31303a2231353337323739323834223b6c6173745f636865636b7c693a313533373336333338323b6d6573736167657c733a35363a22546865206e6577207072696d6172792062616e6b206163636f756e7420686173206265656e206164646564207375636365737366756c6c79223b5f5f63695f766172737c613a313a7b733a373a226d657373616765223b733a333a226e6577223b7d),
('taiiq2ufutm4l8jms18chdjb4sp8v4na', '::1', 1537371251, 0x5f5f63695f6c6173745f726567656e65726174657c693a313533373337313137363b61646d696e5f69647c733a313a2231223b61646d696e5f656d61696c7c733a32303a2261646d696e40637564697472616465722e636f6d223b61646d696e5f726f6c657c733a353a225375706572223b61646d696e5f696e697469616c7c733a313a2241223b61646d696e5f6e616d657c733a31303a2241646d696e2044656d6f223b6964656e746974797c733a31373a226166616c65746940676d61696c2e636f6d223b656d61696c7c733a31373a226166616c65746940676d61696c2e636f6d223b757365725f69647c733a313a2234223b6f6c645f6c6173745f6c6f67696e7c733a31303a2231353337323739323834223b6c6173745f636865636b7c693a313533373336333338323b),
('tt3j9e2i1d0du2v9uiie84jc37dp1pes', '::1', 1537398449, 0x5f5f63695f6c6173745f726567656e65726174657c693a313533373339363838373b61646d696e5f69647c733a313a2231223b61646d696e5f656d61696c7c733a32303a2261646d696e40637564697472616465722e636f6d223b61646d696e5f726f6c657c733a353a225375706572223b61646d696e5f696e697469616c7c733a313a2241223b61646d696e5f6e616d657c733a31303a2241646d696e2044656d6f223b),
('nkdsu7sjcfa8b95971ij96e5c9ibbtnr', '::1', 1537398456, 0x5f5f63695f6c6173745f726567656e65726174657c693a313533373339383435313b61646d696e5f69647c733a313a2231223b61646d696e5f656d61696c7c733a32303a2261646d696e40637564697472616465722e636f6d223b61646d696e5f726f6c657c733a353a225375706572223b61646d696e5f696e697469616c7c733a313a2241223b61646d696e5f6e616d657c733a31303a2241646d696e2044656d6f223b),
('dp9u8vo737i08clm9f81e8us2u97129q', '::1', 1537432429, 0x5f5f63695f6c6173745f726567656e65726174657c693a313533373433323232333b61646d696e5f69647c733a313a2231223b61646d696e5f656d61696c7c733a32303a2261646d696e40637564697472616465722e636f6d223b61646d696e5f726f6c657c733a353a225375706572223b61646d696e5f696e697469616c7c733a313a2241223b61646d696e5f6e616d657c733a31303a2241646d696e2044656d6f223b),
('6mdojt19dava7jgva4afshcei9t4nkju', '::1', 1537432877, 0x5f5f63695f6c6173745f726567656e65726174657c693a313533373433323632303b61646d696e5f69647c733a313a2231223b61646d696e5f656d61696c7c733a32303a2261646d696e40637564697472616465722e636f6d223b61646d696e5f726f6c657c733a353a225375706572223b61646d696e5f696e697469616c7c733a313a2241223b61646d696e5f6e616d657c733a31303a2241646d696e2044656d6f223b),
('f2mprg4uliul9m2r1jsgd953to67aplj', '::1', 1537433217, 0x5f5f63695f6c6173745f726567656e65726174657c693a313533373433323937323b61646d696e5f69647c733a313a2231223b61646d696e5f656d61696c7c733a32303a2261646d696e40637564697472616465722e636f6d223b61646d696e5f726f6c657c733a353a225375706572223b61646d696e5f696e697469616c7c733a313a2241223b61646d696e5f6e616d657c733a31303a2241646d696e2044656d6f223b),
('ipnjokthqur7mut77kfl3n458v10j1i5', '::1', 1537433545, 0x5f5f63695f6c6173745f726567656e65726174657c693a313533373433333239383b61646d696e5f69647c733a313a2231223b61646d696e5f656d61696c7c733a32303a2261646d696e40637564697472616465722e636f6d223b61646d696e5f726f6c657c733a353a225375706572223b61646d696e5f696e697469616c7c733a313a2241223b61646d696e5f6e616d657c733a31303a2241646d696e2044656d6f223b),
('ee9pd20o02ii55acu8irg5511vdfns5d', '::1', 1537433891, 0x5f5f63695f6c6173745f726567656e65726174657c693a313533373433333633303b61646d696e5f69647c733a313a2231223b61646d696e5f656d61696c7c733a32303a2261646d696e40637564697472616465722e636f6d223b61646d696e5f726f6c657c733a353a225375706572223b61646d696e5f696e697469616c7c733a313a2241223b61646d696e5f6e616d657c733a31303a2241646d696e2044656d6f223b),
('rm3tp0ahtqabqnau81dd6a37rfd8gbe7', '::1', 1537434225, 0x5f5f63695f6c6173745f726567656e65726174657c693a313533373433333935303b61646d696e5f69647c733a313a2231223b61646d696e5f656d61696c7c733a32303a2261646d696e40637564697472616465722e636f6d223b61646d696e5f726f6c657c733a353a225375706572223b61646d696e5f696e697469616c7c733a313a2241223b61646d696e5f6e616d657c733a31303a2241646d696e2044656d6f223b),
('ml0gigoq4f0smio2g2pohs4id9lg847v', '::1', 1537435315, 0x5f5f63695f6c6173745f726567656e65726174657c693a313533373433353033353b61646d696e5f69647c733a313a2231223b61646d696e5f656d61696c7c733a32303a2261646d696e40637564697472616465722e636f6d223b61646d696e5f726f6c657c733a353a225375706572223b61646d696e5f696e697469616c7c733a313a2241223b61646d696e5f6e616d657c733a31303a2241646d696e2044656d6f223b),
('6q7j46on3ij78ccf1umkuqk7r2v7hd69', '::1', 1537435551, 0x5f5f63695f6c6173745f726567656e65726174657c693a313533373433353339323b61646d696e5f69647c733a313a2231223b61646d696e5f656d61696c7c733a32303a2261646d696e40637564697472616465722e636f6d223b61646d696e5f726f6c657c733a353a225375706572223b61646d696e5f696e697469616c7c733a313a2241223b61646d696e5f6e616d657c733a31303a2241646d696e2044656d6f223b),
('bokadthlcf4sk12uphkc7l8o3f152n4e', '::1', 1537446623, 0x61646d696e5f69647c733a313a2231223b61646d696e5f656d61696c7c733a32303a2261646d696e40637564697472616465722e636f6d223b61646d696e5f726f6c657c733a353a225375706572223b61646d696e5f696e697469616c7c733a313a2241223b61646d696e5f6e616d657c733a31303a2241646d696e2044656d6f223b5f5f63695f6c6173745f726567656e65726174657c693a313533373434363433393b),
('91h3cajpra13fjmr558dpk6pof5tf09g', '::1', 1537446961, 0x61646d696e5f69647c733a313a2231223b61646d696e5f656d61696c7c733a32303a2261646d696e40637564697472616465722e636f6d223b61646d696e5f726f6c657c733a353a225375706572223b61646d696e5f696e697469616c7c733a313a2241223b61646d696e5f6e616d657c733a31303a2241646d696e2044656d6f223b5f5f63695f6c6173745f726567656e65726174657c693a313533373434363830303b),
('j1ipe6h9q1g1mpk4klnjrs19rnk564cp', '::1', 1537447696, 0x61646d696e5f69647c733a313a2231223b61646d696e5f656d61696c7c733a32303a2261646d696e40637564697472616465722e636f6d223b61646d696e5f726f6c657c733a353a225375706572223b61646d696e5f696e697469616c7c733a313a2241223b61646d696e5f6e616d657c733a31303a2241646d696e2044656d6f223b5f5f63695f6c6173745f726567656e65726174657c693a313533373434373232373b),
('03o0dhab3q6iece8tjo5oeoij8maia0l', '::1', 1537448589, 0x61646d696e5f69647c733a313a2231223b61646d696e5f656d61696c7c733a32303a2261646d696e40637564697472616465722e636f6d223b61646d696e5f726f6c657c733a353a225375706572223b61646d696e5f696e697469616c7c733a313a2241223b61646d696e5f6e616d657c733a31303a2241646d696e2044656d6f223b5f5f63695f6c6173745f726567656e65726174657c693a313533373434383537383b),
('7donjnlqo1tcvf7k7kpm1nosna02o9q7', '::1', 1537448882, 0x61646d696e5f69647c733a313a2231223b61646d696e5f656d61696c7c733a32303a2261646d696e40637564697472616465722e636f6d223b61646d696e5f726f6c657c733a353a225375706572223b61646d696e5f696e697469616c7c733a313a2241223b61646d696e5f6e616d657c733a31303a2241646d696e2044656d6f223b5f5f63695f6c6173745f726567656e65726174657c693a313533373434383630363b6964656e746974797c733a31373a226166616c65746940676d61696c2e636f6d223b656d61696c7c733a31373a226166616c65746940676d61696c2e636f6d223b757365725f69647c733a313a2234223b6f6c645f6c6173745f6c6f67696e7c733a31303a2231353337333936383837223b6c6173745f636865636b7c693a313533373434383630353b),
('g7hbh54gn528aejejtdor06vh2ckh0lc', '::1', 1537449173, 0x61646d696e5f69647c733a313a2231223b61646d696e5f656d61696c7c733a32303a2261646d696e40637564697472616465722e636f6d223b61646d696e5f726f6c657c733a353a225375706572223b61646d696e5f696e697469616c7c733a313a2241223b61646d696e5f6e616d657c733a31303a2241646d696e2044656d6f223b5f5f63695f6c6173745f726567656e65726174657c693a313533373434383930393b6964656e746974797c733a31373a226166616c65746940676d61696c2e636f6d223b656d61696c7c733a31373a226166616c65746940676d61696c2e636f6d223b757365725f69647c733a313a2234223b6f6c645f6c6173745f6c6f67696e7c733a31303a2231353337333936383837223b6c6173745f636865636b7c693a313533373434383630353b),
('kfal0ore2jksnm0r4cnug5kj6mola1pv', '::1', 1537449628, 0x61646d696e5f69647c733a313a2231223b61646d696e5f656d61696c7c733a32303a2261646d696e40637564697472616465722e636f6d223b61646d696e5f726f6c657c733a353a225375706572223b61646d696e5f696e697469616c7c733a313a2241223b61646d696e5f6e616d657c733a31303a2241646d696e2044656d6f223b5f5f63695f6c6173745f726567656e65726174657c693a313533373434393335373b6964656e746974797c733a31373a226166616c65746940676d61696c2e636f6d223b656d61696c7c733a31373a226166616c65746940676d61696c2e636f6d223b757365725f69647c733a313a2234223b6f6c645f6c6173745f6c6f67696e7c733a31303a2231353337333936383837223b6c6173745f636865636b7c693a313533373434383630353b),
('h4p85e42cshtl3mscgl6875ol3n0nrr5', '::1', 1537875040, ''),
('sc6ihkr84os06j60vgaaa9eb91t41qag', '::1', 1537875355, 0x5f5f63695f6c6173745f726567656e65726174657c693a313533373837353034323b6964656e746974797c733a31373a226166616c65746940676d61696c2e636f6d223b656d61696c7c733a31373a226166616c65746940676d61696c2e636f6d223b757365725f69647c733a313a2234223b6f6c645f6c6173745f6c6f67696e7c733a31303a2231353337343438363035223b6c6173745f636865636b7c693a313533373837353034323b61646d696e5f69647c733a313a2231223b61646d696e5f656d61696c7c733a32303a2261646d696e40637564697472616465722e636f6d223b61646d696e5f726f6c657c733a353a225375706572223b61646d696e5f696e697469616c7c733a313a2241223b61646d696e5f6e616d657c733a31303a2241646d696e2044656d6f223b),
('h7btknovohg23l5bkk7qpaek6a7gnqh8', '::1', 1537875568, 0x5f5f63695f6c6173745f726567656e65726174657c693a313533373837353436353b6964656e746974797c733a31373a226166616c65746940676d61696c2e636f6d223b656d61696c7c733a31373a226166616c65746940676d61696c2e636f6d223b757365725f69647c733a313a2234223b6f6c645f6c6173745f6c6f67696e7c733a31303a2231353337343438363035223b6c6173745f636865636b7c693a313533373837353034323b61646d696e5f69647c733a313a2231223b61646d696e5f656d61696c7c733a32303a2261646d696e40637564697472616465722e636f6d223b61646d696e5f726f6c657c733a353a225375706572223b61646d696e5f696e697469616c7c733a313a2241223b61646d696e5f6e616d657c733a31303a2241646d696e2044656d6f223b),
('1bq5l8u1lfud1r6i78djepjqf0tagmj0', '::1', 1537875935, 0x5f5f63695f6c6173745f726567656e65726174657c693a313533373837353831393b6964656e746974797c733a31373a226166616c65746940676d61696c2e636f6d223b656d61696c7c733a31373a226166616c65746940676d61696c2e636f6d223b757365725f69647c733a313a2234223b6f6c645f6c6173745f6c6f67696e7c733a31303a2231353337343438363035223b6c6173745f636865636b7c693a313533373837353034323b61646d696e5f69647c733a313a2231223b61646d696e5f656d61696c7c733a32303a2261646d696e40637564697472616465722e636f6d223b61646d696e5f726f6c657c733a353a225375706572223b61646d696e5f696e697469616c7c733a313a2241223b61646d696e5f6e616d657c733a31303a2241646d696e2044656d6f223b),
('rmrlo0b7drn8sit88i0r5u1mk3s2g4t1', '::1', 1537876467, 0x5f5f63695f6c6173745f726567656e65726174657c693a313533373837363132363b6964656e746974797c733a31373a226166616c65746940676d61696c2e636f6d223b656d61696c7c733a31373a226166616c65746940676d61696c2e636f6d223b757365725f69647c733a313a2234223b6f6c645f6c6173745f6c6f67696e7c733a31303a2231353337343438363035223b6c6173745f636865636b7c693a313533373837353034323b61646d696e5f69647c733a313a2231223b61646d696e5f656d61696c7c733a32303a2261646d696e40637564697472616465722e636f6d223b61646d696e5f726f6c657c733a353a225375706572223b61646d696e5f696e697469616c7c733a313a2241223b61646d696e5f6e616d657c733a31303a2241646d696e2044656d6f223b),
('9e3gkdcsnnpgci6skimqum7c0et6sdhj', '::1', 1537876497, 0x5f5f63695f6c6173745f726567656e65726174657c693a313533373837363437303b6964656e746974797c733a31373a226166616c65746940676d61696c2e636f6d223b656d61696c7c733a31373a226166616c65746940676d61696c2e636f6d223b757365725f69647c733a313a2234223b6f6c645f6c6173745f6c6f67696e7c733a31303a2231353337343438363035223b6c6173745f636865636b7c693a313533373837353034323b61646d696e5f69647c733a313a2231223b61646d696e5f656d61696c7c733a32303a2261646d696e40637564697472616465722e636f6d223b61646d696e5f726f6c657c733a353a225375706572223b61646d696e5f696e697469616c7c733a313a2241223b61646d696e5f6e616d657c733a31303a2241646d696e2044656d6f223b),
('sp3j2t5uadaulon9tcu0493ntshbtj0g', '::1', 1537877262, 0x5f5f63695f6c6173745f726567656e65726174657c693a313533373837363738393b6964656e746974797c733a31373a226166616c65746940676d61696c2e636f6d223b656d61696c7c733a31373a226166616c65746940676d61696c2e636f6d223b757365725f69647c733a313a2234223b6f6c645f6c6173745f6c6f67696e7c733a31303a2231353337343438363035223b6c6173745f636865636b7c693a313533373837353034323b61646d696e5f69647c733a313a2231223b61646d696e5f656d61696c7c733a32303a2261646d696e40637564697472616465722e636f6d223b61646d696e5f726f6c657c733a353a225375706572223b61646d696e5f696e697469616c7c733a313a2241223b61646d696e5f6e616d657c733a31303a2241646d696e2044656d6f223b),
('fqe648dagosc6upu3mi5ceo53k4d5s0n', '::1', 1537877551, 0x5f5f63695f6c6173745f726567656e65726174657c693a313533373837373237353b6964656e746974797c733a31373a226166616c65746940676d61696c2e636f6d223b656d61696c7c733a31373a226166616c65746940676d61696c2e636f6d223b757365725f69647c733a313a2234223b6f6c645f6c6173745f6c6f67696e7c733a31303a2231353337343438363035223b6c6173745f636865636b7c693a313533373837353034323b61646d696e5f69647c733a313a2231223b61646d696e5f656d61696c7c733a32303a2261646d696e40637564697472616465722e636f6d223b61646d696e5f726f6c657c733a353a225375706572223b61646d696e5f696e697469616c7c733a313a2241223b61646d696e5f6e616d657c733a31303a2241646d696e2044656d6f223b),
('ilr09okb57q3mmdvu7prnn3daaah0r9j', '::1', 1537877818, 0x5f5f63695f6c6173745f726567656e65726174657c693a313533373837373539353b6964656e746974797c733a31373a226166616c65746940676d61696c2e636f6d223b656d61696c7c733a31373a226166616c65746940676d61696c2e636f6d223b757365725f69647c733a313a2234223b6f6c645f6c6173745f6c6f67696e7c733a31303a2231353337343438363035223b6c6173745f636865636b7c693a313533373837353034323b61646d696e5f69647c733a313a2231223b61646d696e5f656d61696c7c733a32303a2261646d696e40637564697472616465722e636f6d223b61646d696e5f726f6c657c733a353a225375706572223b61646d696e5f696e697469616c7c733a313a2241223b61646d696e5f6e616d657c733a31303a2241646d696e2044656d6f223b),
('tbtfi5ge6b316h543m4dbsj6heaguo9i', '::1', 1537878512, 0x5f5f63695f6c6173745f726567656e65726174657c693a313533373837373931333b6964656e746974797c733a31373a226166616c65746940676d61696c2e636f6d223b656d61696c7c733a31373a226166616c65746940676d61696c2e636f6d223b757365725f69647c733a313a2234223b6f6c645f6c6173745f6c6f67696e7c733a31303a2231353337343438363035223b6c6173745f636865636b7c693a313533373837353034323b61646d696e5f69647c733a313a2231223b61646d696e5f656d61696c7c733a32303a2261646d696e40637564697472616465722e636f6d223b61646d696e5f726f6c657c733a353a225375706572223b61646d696e5f696e697469616c7c733a313a2241223b61646d696e5f6e616d657c733a31303a2241646d696e2044656d6f223b),
('hkfidg6b9aul79ovckvq93rhipib55jr', '::1', 1537878706, 0x5f5f63695f6c6173745f726567656e65726174657c693a313533373837383538323b6964656e746974797c733a31373a226166616c65746940676d61696c2e636f6d223b656d61696c7c733a31373a226166616c65746940676d61696c2e636f6d223b757365725f69647c733a313a2234223b6f6c645f6c6173745f6c6f67696e7c733a31303a2231353337343438363035223b6c6173745f636865636b7c693a313533373837353034323b61646d696e5f69647c733a313a2231223b61646d696e5f656d61696c7c733a32303a2261646d696e40637564697472616465722e636f6d223b61646d696e5f726f6c657c733a353a225375706572223b61646d696e5f696e697469616c7c733a313a2241223b61646d696e5f6e616d657c733a31303a2241646d696e2044656d6f223b),
('qg20sq27stnvab5d957cmrp8u13jg2l4', '::1', 1537880068, 0x5f5f63695f6c6173745f726567656e65726174657c693a313533373837393739353b6964656e746974797c733a31373a226166616c65746940676d61696c2e636f6d223b656d61696c7c733a31373a226166616c65746940676d61696c2e636f6d223b757365725f69647c733a313a2234223b6f6c645f6c6173745f6c6f67696e7c733a31303a2231353337343438363035223b6c6173745f636865636b7c693a313533373837353034323b61646d696e5f69647c733a313a2231223b61646d696e5f656d61696c7c733a32303a2261646d696e40637564697472616465722e636f6d223b61646d696e5f726f6c657c733a353a225375706572223b61646d696e5f696e697469616c7c733a313a2241223b61646d696e5f6e616d657c733a31303a2241646d696e2044656d6f223b),
('05qjuiltatv8mknl61k0bijqeo725tcj', '::1', 1537880557, 0x5f5f63695f6c6173745f726567656e65726174657c693a313533373838303338363b6964656e746974797c733a31373a226166616c65746940676d61696c2e636f6d223b656d61696c7c733a31373a226166616c65746940676d61696c2e636f6d223b757365725f69647c733a313a2234223b6f6c645f6c6173745f6c6f67696e7c733a31303a2231353337343438363035223b6c6173745f636865636b7c693a313533373837353034323b61646d696e5f69647c733a313a2231223b61646d696e5f656d61696c7c733a32303a2261646d696e40637564697472616465722e636f6d223b61646d696e5f726f6c657c733a353a225375706572223b61646d696e5f696e697469616c7c733a313a2241223b61646d696e5f6e616d657c733a31303a2241646d696e2044656d6f223b),
('0ieu0630i7ao8qbhrtjav81j2th37j2j', '::1', 1537880992, 0x5f5f63695f6c6173745f726567656e65726174657c693a313533373838303939323b6964656e746974797c733a31373a226166616c65746940676d61696c2e636f6d223b656d61696c7c733a31373a226166616c65746940676d61696c2e636f6d223b757365725f69647c733a313a2234223b6f6c645f6c6173745f6c6f67696e7c733a31303a2231353337343438363035223b6c6173745f636865636b7c693a313533373837353034323b61646d696e5f69647c733a313a2231223b61646d696e5f656d61696c7c733a32303a2261646d696e40637564697472616465722e636f6d223b61646d696e5f726f6c657c733a353a225375706572223b61646d696e5f696e697469616c7c733a313a2241223b61646d696e5f6e616d657c733a31303a2241646d696e2044656d6f223b),
('e4a2r46e89955n35ejllhs6vd3qltgvn', '::1', 1537881810, 0x5f5f63695f6c6173745f726567656e65726174657c693a313533373838313536363b6964656e746974797c733a31373a226166616c65746940676d61696c2e636f6d223b656d61696c7c733a31373a226166616c65746940676d61696c2e636f6d223b757365725f69647c733a313a2234223b6f6c645f6c6173745f6c6f67696e7c733a31303a2231353337343438363035223b6c6173745f636865636b7c693a313533373837353034323b61646d696e5f69647c733a313a2231223b61646d696e5f656d61696c7c733a32303a2261646d696e40637564697472616465722e636f6d223b61646d696e5f726f6c657c733a353a225375706572223b61646d696e5f696e697469616c7c733a313a2241223b61646d696e5f6e616d657c733a31303a2241646d696e2044656d6f223b),
('d2jqd2c68sav6jks0apvhrhrbabv9rae', '::1', 1537882180, 0x5f5f63695f6c6173745f726567656e65726174657c693a313533373838313838323b6964656e746974797c733a31373a226166616c65746940676d61696c2e636f6d223b656d61696c7c733a31373a226166616c65746940676d61696c2e636f6d223b757365725f69647c733a313a2234223b6f6c645f6c6173745f6c6f67696e7c733a31303a2231353337343438363035223b6c6173745f636865636b7c693a313533373837353034323b61646d696e5f69647c733a313a2231223b61646d696e5f656d61696c7c733a32303a2261646d696e40637564697472616465722e636f6d223b61646d696e5f726f6c657c733a353a225375706572223b61646d696e5f696e697469616c7c733a313a2241223b61646d696e5f6e616d657c733a31303a2241646d696e2044656d6f223b),
('ktuuib1ce1b8dlmpcrokbg1ltr0pnoma', '::1', 1537882803, 0x5f5f63695f6c6173745f726567656e65726174657c693a313533373838323637363b6964656e746974797c733a31373a226166616c65746940676d61696c2e636f6d223b656d61696c7c733a31373a226166616c65746940676d61696c2e636f6d223b757365725f69647c733a313a2234223b6f6c645f6c6173745f6c6f67696e7c733a31303a2231353337343438363035223b6c6173745f636865636b7c693a313533373837353034323b61646d696e5f69647c733a313a2231223b61646d696e5f656d61696c7c733a32303a2261646d696e40637564697472616465722e636f6d223b61646d696e5f726f6c657c733a353a225375706572223b61646d696e5f696e697469616c7c733a313a2241223b61646d696e5f6e616d657c733a31303a2241646d696e2044656d6f223b),
('lj2kc8nhhc8j84simd1v650732eb8vnu', '::1', 1538133232, 0x5f5f63695f6c6173745f726567656e65726174657c693a313533383133333232353b),
('c8u0dbbncirp5hr0ur9thrdmalbgkg8t', '::1', 1538133366, 0x5f5f63695f6c6173745f726567656e65726174657c693a313533383133333236303b6964656e746974797c733a31373a226166616c65746940676d61696c2e636f6d223b656d61696c7c733a31373a226166616c65746940676d61696c2e636f6d223b757365725f69647c733a313a2234223b6f6c645f6c6173745f6c6f67696e7c733a31303a2231353337383735303431223b6c6173745f636865636b7c693a313533383133333236303b),
('pe0rd1q48p0n5cpjtjf47nl3uiohos5k', '::1', 1538133993, 0x5f5f63695f6c6173745f726567656e65726174657c693a313533383133333734383b6964656e746974797c733a31373a226166616c65746940676d61696c2e636f6d223b656d61696c7c733a31373a226166616c65746940676d61696c2e636f6d223b757365725f69647c733a313a2234223b6f6c645f6c6173745f6c6f67696e7c733a31303a2231353337383735303431223b6c6173745f636865636b7c693a313533383133333236303b),
('1j2f1inu3bmbepo8fhp28gg7gsv6v9dh', '::1', 1538138354, 0x5f5f63695f6c6173745f726567656e65726174657c693a313533383133383335343b6964656e746974797c733a31373a226166616c65746940676d61696c2e636f6d223b656d61696c7c733a31373a226166616c65746940676d61696c2e636f6d223b757365725f69647c733a313a2234223b6f6c645f6c6173745f6c6f67696e7c733a31303a2231353337383735303431223b6c6173745f636865636b7c693a313533383133333236303b),
('f4b0gia3b9l9m4oivfm60tmc9ofestf3', '::1', 1538138803, 0x5f5f63695f6c6173745f726567656e65726174657c693a313533383133383635353b6964656e746974797c733a31373a226166616c65746940676d61696c2e636f6d223b656d61696c7c733a31373a226166616c65746940676d61696c2e636f6d223b757365725f69647c733a313a2234223b6f6c645f6c6173745f6c6f67696e7c733a31303a2231353337383735303431223b6c6173745f636865636b7c693a313533383133333236303b),
('404l2t0erl55iu7h39vp7j4hr8aiom92', '::1', 1538139444, 0x5f5f63695f6c6173745f726567656e65726174657c693a313533383133393434343b6964656e746974797c733a31373a226166616c65746940676d61696c2e636f6d223b656d61696c7c733a31373a226166616c65746940676d61696c2e636f6d223b757365725f69647c733a313a2234223b6f6c645f6c6173745f6c6f67696e7c733a31303a2231353337383735303431223b6c6173745f636865636b7c693a313533383133333236303b),
('89j2kno03av1aiptittlobu1judfouqf', '::1', 1538140293, 0x5f5f63695f6c6173745f726567656e65726174657c693a313533383134303239333b6964656e746974797c733a31373a226166616c65746940676d61696c2e636f6d223b656d61696c7c733a31373a226166616c65746940676d61696c2e636f6d223b757365725f69647c733a313a2234223b6f6c645f6c6173745f6c6f67696e7c733a31303a2231353337383735303431223b6c6173745f636865636b7c693a313533383133333236303b),
('90b3t5ksgr5m0qhm99j5bff3582iet84', '::1', 1538140960, 0x5f5f63695f6c6173745f726567656e65726174657c693a313533383134303636333b6964656e746974797c733a31373a226166616c65746940676d61696c2e636f6d223b656d61696c7c733a31373a226166616c65746940676d61696c2e636f6d223b757365725f69647c733a313a2234223b6f6c645f6c6173745f6c6f67696e7c733a31303a2231353337383735303431223b6c6173745f636865636b7c693a313533383133333236303b),
('42qt6k6dau2m4742b1d0uje0ls45c6il', '::1', 1538141277, 0x5f5f63695f6c6173745f726567656e65726174657c693a313533383134303937373b6964656e746974797c733a31373a226166616c65746940676d61696c2e636f6d223b656d61696c7c733a31373a226166616c65746940676d61696c2e636f6d223b757365725f69647c733a313a2234223b6f6c645f6c6173745f6c6f67696e7c733a31303a2231353337383735303431223b6c6173745f636865636b7c693a313533383133333236303b),
('n68l92dmj3mhf3ka6svvi7u65qrq11uh', '::1', 1538141293, 0x5f5f63695f6c6173745f726567656e65726174657c693a313533383134313239333b6964656e746974797c733a31373a226166616c65746940676d61696c2e636f6d223b656d61696c7c733a31373a226166616c65746940676d61696c2e636f6d223b757365725f69647c733a313a2234223b6f6c645f6c6173745f6c6f67696e7c733a31303a2231353337383735303431223b6c6173745f636865636b7c693a313533383133333236303b),
('ai6jc0c2goi109ig28g04vikvf112sfh', '::1', 1538141608, 0x5f5f63695f6c6173745f726567656e65726174657c693a313533383134313630383b6964656e746974797c733a31373a226166616c65746940676d61696c2e636f6d223b656d61696c7c733a31373a226166616c65746940676d61696c2e636f6d223b757365725f69647c733a313a2234223b6f6c645f6c6173745f6c6f67696e7c733a31303a2231353337383735303431223b6c6173745f636865636b7c693a313533383133333236303b),
('vfq8gr0qvbdjsdllla5n62b8evbno4bn', '::1', 1538142030, 0x5f5f63695f6c6173745f726567656e65726174657c693a313533383134323033303b),
('2u6psl3i29n974ohb975j040ue56mrje', '::1', 1538142039, 0x5f5f63695f6c6173745f726567656e65726174657c693a313533383134323033393b6964656e746974797c733a31373a226166616c65746940676d61696c2e636f6d223b656d61696c7c733a31373a226166616c65746940676d61696c2e636f6d223b757365725f69647c733a313a2234223b6f6c645f6c6173745f6c6f67696e7c733a31303a2231353338313333323630223b6c6173745f636865636b7c693a313533383134323033393b),
('oda9g1gd799qorspc2pu1qp2f4cafqab', '::1', 1538142441, 0x5f5f63695f6c6173745f726567656e65726174657c693a313533383134323434313b),
('7hh4u3eteaenvgamunsft5qumgqogmbr', '::1', 1538142744, 0x5f5f63695f6c6173745f726567656e65726174657c693a313533383134323435303b6964656e746974797c733a31373a226166616c65746940676d61696c2e636f6d223b656d61696c7c733a31373a226166616c65746940676d61696c2e636f6d223b757365725f69647c733a313a2234223b6f6c645f6c6173745f6c6f67696e7c733a31303a2231353338313432303339223b6c6173745f636865636b7c693a313533383134323435303b),
('b3fptijpsq92209h32vv0supthqn3crp', '::1', 1538143065, 0x5f5f63695f6c6173745f726567656e65726174657c693a313533383134323738393b6964656e746974797c733a31373a226166616c65746940676d61696c2e636f6d223b656d61696c7c733a31373a226166616c65746940676d61696c2e636f6d223b757365725f69647c733a313a2234223b6f6c645f6c6173745f6c6f67696e7c733a31303a2231353338313432303339223b6c6173745f636865636b7c693a313533383134323435303b),
('rtjvg3d69phi4ruhel0qq8rkdbrhnp0j', '::1', 1538143363, 0x5f5f63695f6c6173745f726567656e65726174657c693a313533383134333233373b6964656e746974797c733a31373a226166616c65746940676d61696c2e636f6d223b656d61696c7c733a31373a226166616c65746940676d61696c2e636f6d223b757365725f69647c733a313a2234223b6f6c645f6c6173745f6c6f67696e7c733a31303a2231353338313432303339223b6c6173745f636865636b7c693a313533383134323435303b),
('7lc64oonrnous8ut342esm0aima0m38r', '::1', 1538147580, 0x5f5f63695f6c6173745f726567656e65726174657c693a313533383134373538303b),
('3tqf854ba7ussv3969e2qru9ogvradvb', '::1', 1538249468, 0x5f5f63695f6c6173745f726567656e65726174657c693a313533383234393436383b),
('pt9hgreesjqmr86ujjdslffrck3bk8jc', '::1', 1538249651, 0x5f5f63695f6c6173745f726567656e65726174657c693a313533383234393438313b6964656e746974797c733a31353a2261646d696e4061646d696e2e636f6d223b656d61696c7c733a31353a2261646d696e4061646d696e2e636f6d223b757365725f69647c733a313a2231223b6f6c645f6c6173745f6c6f67696e7c733a31303a2231353336333339343733223b6c6173745f636865636b7c693a313533383234393438313b),
('dgujfn311hpbf1bqna3qj51v3bhadi0d', '::1', 1538250141, 0x5f5f63695f6c6173745f726567656e65726174657c693a313533383234393839343b6964656e746974797c733a31353a2261646d696e4061646d696e2e636f6d223b656d61696c7c733a31353a2261646d696e4061646d696e2e636f6d223b757365725f69647c733a313a2231223b6f6c645f6c6173745f6c6f67696e7c733a31303a2231353336333339343733223b6c6173745f636865636b7c693a313533383234393438313b),
('759nt0pvfaege0gh9i4qqjsofqcdfll1', '::1', 1538257789, 0x5f5f63695f6c6173745f726567656e65726174657c693a313533383235373738393b),
('nacm0enfhttmvvm4sn6pfguguh9j4c56', '::1', 1538375263, 0x5f5f63695f6c6173745f726567656e65726174657c693a313533383337353236333b6964656e746974797c733a31373a226166616c65746940676d61696c2e636f6d223b656d61696c7c733a31373a226166616c65746940676d61696c2e636f6d223b757365725f69647c733a313a2234223b6f6c645f6c6173745f6c6f67696e7c733a31303a2231353338313432343530223b6c6173745f636865636b7c693a313533383337353236323b),
('bbu96gmlh5ajehhu6laqqchdgen9h2ea', '::1', 1538382304, 0x5f5f63695f6c6173745f726567656e65726174657c693a313533383338323031353b6964656e746974797c733a31373a226166616c65746940676d61696c2e636f6d223b656d61696c7c733a31373a226166616c65746940676d61696c2e636f6d223b757365725f69647c733a313a2234223b6f6c645f6c6173745f6c6f67696e7c733a31303a2231353338313432343530223b6c6173745f636865636b7c693a313533383337353236323b),
('c4lgi00b73ik7rnsk04jjqt63pfevegn', '::1', 1538382540, 0x5f5f63695f6c6173745f726567656e65726174657c693a313533383338323433343b617574685f6d6573736167657c733a32363a223c703e4163636f756e7420697320696e6163746976653c2f703e223b5f5f63695f766172737c613a313a7b733a31323a22617574685f6d657373616765223b733a333a226f6c64223b7d),
('90reucmffggaugkgdv02it97g2ko2ar2', '::1', 1538385321, 0x5f5f63695f6c6173745f726567656e65726174657c693a313533383338353037363b61646d696e5f69647c733a313a2231223b61646d696e5f656d61696c7c733a32303a2261646d696e40637564697472616465722e636f6d223b61646d696e5f726f6c657c733a353a225375706572223b61646d696e5f696e697469616c7c733a313a2241223b61646d696e5f6e616d657c733a31303a2241646d696e2044656d6f223b6d6573736167657c733a33333a2257656c636f6d652120506c656173652076657269667920796f757220656d61696c223b5f5f63695f766172737c613a313a7b733a373a226d657373616765223b733a333a226f6c64223b7d),
('oahv1iosbbc5979f4prn5c5gepbk0pvk', '::1', 1538386416, 0x5f5f63695f6c6173745f726567656e65726174657c693a313533383338353339313b61646d696e5f69647c733a313a2231223b61646d696e5f656d61696c7c733a32303a2261646d696e40637564697472616465722e636f6d223b61646d696e5f726f6c657c733a353a225375706572223b61646d696e5f696e697469616c7c733a313a2241223b61646d696e5f6e616d657c733a31303a2241646d696e2044656d6f223b),
('nm42ckd8qquruonfvdqatrakqclkls44', '::1', 1538386423, 0x5f5f63695f6c6173745f726567656e65726174657c693a313533383338363432333b61646d696e5f69647c733a313a2231223b61646d696e5f656d61696c7c733a32303a2261646d696e40637564697472616465722e636f6d223b61646d696e5f726f6c657c733a353a225375706572223b61646d696e5f696e697469616c7c733a313a2241223b61646d696e5f6e616d657c733a31303a2241646d696e2044656d6f223b),
('c1s1130b3fsngouard957nq8b7913jbh', '::1', 1538386461, 0x5f5f63695f6c6173745f726567656e65726174657c693a313533383338363435353b61646d696e5f69647c733a313a2231223b61646d696e5f656d61696c7c733a32303a2261646d696e40637564697472616465722e636f6d223b61646d696e5f726f6c657c733a353a225375706572223b61646d696e5f696e697469616c7c733a313a2241223b61646d696e5f6e616d657c733a31303a2241646d696e2044656d6f223b6964656e746974797c733a32353a226f6c75736567756e6e69676572696140796d61696c2e636f6d223b656d61696c7c733a32353a226f6c75736567756e6e69676572696140796d61696c2e636f6d223b757365725f69647c733a313a2238223b6f6c645f6c6173745f6c6f67696e7c4e3b6c6173745f636865636b7c693a313533383338363435353b),
('99uhfk02tsooanhcsv3c857rur901n2p', '::1', 1538509658, 0x5f5f63695f6c6173745f726567656e65726174657c693a313533383530393635373b),
('frf315oct9egpqo5mq6l286cegjal381', '::1', 1538509962, 0x5f5f63695f6c6173745f726567656e65726174657c693a313533383530393636343b6964656e746974797c733a31303a226f6c75407365672e756e223b656d61696c7c733a31303a226f6c75407365672e756e223b757365725f69647c733a313a2232223b6f6c645f6c6173745f6c6f67696e7c733a31303a2231353337323637373436223b6c6173745f636865636b7c693a313533383530393636343b61646d696e5f69647c733a313a2231223b61646d696e5f656d61696c7c733a32303a2261646d696e40637564697472616465722e636f6d223b61646d696e5f726f6c657c733a353a225375706572223b61646d696e5f696e697469616c7c733a313a2241223b61646d696e5f6e616d657c733a31303a2241646d696e2044656d6f223b),
('k4rnd8hqmpmnd1evuva2h21m8b70dvkq', '::1', 1538510251, 0x5f5f63695f6c6173745f726567656e65726174657c693a313533383530393938333b6964656e746974797c733a31303a226f6c75407365672e756e223b656d61696c7c733a31303a226f6c75407365672e756e223b757365725f69647c733a313a2232223b6f6c645f6c6173745f6c6f67696e7c733a31303a2231353337323637373436223b6c6173745f636865636b7c693a313533383530393636343b61646d696e5f69647c733a313a2231223b61646d696e5f656d61696c7c733a32303a2261646d696e40637564697472616465722e636f6d223b61646d696e5f726f6c657c733a353a225375706572223b61646d696e5f696e697469616c7c733a313a2241223b61646d696e5f6e616d657c733a31303a2241646d696e2044656d6f223b),
('58uqeet5efdnelra0hn0dm6b3o8gsqr9', '::1', 1538510735, 0x5f5f63695f6c6173745f726567656e65726174657c693a313533383531303631353b6964656e746974797c733a31303a226f6c75407365672e756e223b656d61696c7c733a31303a226f6c75407365672e756e223b757365725f69647c733a313a2232223b6f6c645f6c6173745f6c6f67696e7c733a31303a2231353337323637373436223b6c6173745f636865636b7c693a313533383530393636343b61646d696e5f69647c733a313a2231223b61646d696e5f656d61696c7c733a32303a2261646d696e40637564697472616465722e636f6d223b61646d696e5f726f6c657c733a353a225375706572223b61646d696e5f696e697469616c7c733a313a2241223b61646d696e5f6e616d657c733a31303a2241646d696e2044656d6f223b),
('uldmj5tngpe6dcgs7bf0tkmav4emgjvr', '::1', 1538511340, 0x5f5f63695f6c6173745f726567656e65726174657c693a313533383531313131363b6964656e746974797c733a31303a226f6c75407365672e756e223b656d61696c7c733a31303a226f6c75407365672e756e223b757365725f69647c733a313a2232223b6f6c645f6c6173745f6c6f67696e7c733a31303a2231353337323637373436223b6c6173745f636865636b7c693a313533383530393636343b61646d696e5f69647c733a313a2231223b61646d696e5f656d61696c7c733a32303a2261646d696e40637564697472616465722e636f6d223b61646d696e5f726f6c657c733a353a225375706572223b61646d696e5f696e697469616c7c733a313a2241223b61646d696e5f6e616d657c733a31303a2241646d696e2044656d6f223b),
('n6ekjqoekp8a4g9uvu7qk1bem2ptrdp1', '::1', 1538511749, 0x5f5f63695f6c6173745f726567656e65726174657c693a313533383531313438313b6964656e746974797c733a31303a226f6c75407365672e756e223b656d61696c7c733a31303a226f6c75407365672e756e223b757365725f69647c733a313a2232223b6f6c645f6c6173745f6c6f67696e7c733a31303a2231353337323637373436223b6c6173745f636865636b7c693a313533383530393636343b61646d696e5f69647c733a313a2231223b61646d696e5f656d61696c7c733a32303a2261646d696e40637564697472616465722e636f6d223b61646d696e5f726f6c657c733a353a225375706572223b61646d696e5f696e697469616c7c733a313a2241223b61646d696e5f6e616d657c733a31303a2241646d696e2044656d6f223b),
('ubgdqn76825b06imoge02cino6suqclr', '::1', 1538512082, 0x5f5f63695f6c6173745f726567656e65726174657c693a313533383531313830363b6964656e746974797c733a31303a226f6c75407365672e756e223b656d61696c7c733a31303a226f6c75407365672e756e223b757365725f69647c733a313a2232223b6f6c645f6c6173745f6c6f67696e7c733a31303a2231353337323637373436223b6c6173745f636865636b7c693a313533383530393636343b61646d696e5f69647c733a313a2231223b61646d696e5f656d61696c7c733a32303a2261646d696e40637564697472616465722e636f6d223b61646d696e5f726f6c657c733a353a225375706572223b61646d696e5f696e697469616c7c733a313a2241223b61646d696e5f6e616d657c733a31303a2241646d696e2044656d6f223b),
('on9tq5csjuarfssh9ilvgerrecb7pnie', '::1', 1538516952, 0x5f5f63695f6c6173745f726567656e65726174657c693a313533383531363733343b6964656e746974797c733a31303a226f6c75407365672e756e223b656d61696c7c733a31303a226f6c75407365672e756e223b757365725f69647c733a313a2232223b6f6c645f6c6173745f6c6f67696e7c733a31303a2231353337323637373436223b6c6173745f636865636b7c693a313533383530393636343b61646d696e5f69647c733a313a2231223b61646d696e5f656d61696c7c733a32303a2261646d696e40637564697472616465722e636f6d223b61646d696e5f726f6c657c733a353a225375706572223b61646d696e5f696e697469616c7c733a313a2241223b61646d696e5f6e616d657c733a31303a2241646d696e2044656d6f223b),
('16ojp3s23kk90g82jh59tv9rt9qjp7ik', '::1', 1538517357, 0x5f5f63695f6c6173745f726567656e65726174657c693a313533383531373036313b6964656e746974797c733a31303a226f6c75407365672e756e223b656d61696c7c733a31303a226f6c75407365672e756e223b757365725f69647c733a313a2232223b6f6c645f6c6173745f6c6f67696e7c733a31303a2231353337323637373436223b6c6173745f636865636b7c693a313533383530393636343b61646d696e5f69647c733a313a2231223b61646d696e5f656d61696c7c733a32303a2261646d696e40637564697472616465722e636f6d223b61646d696e5f726f6c657c733a353a225375706572223b61646d696e5f696e697469616c7c733a313a2241223b61646d696e5f6e616d657c733a31303a2241646d696e2044656d6f223b),
('eglmjn1nan0kds5j2n5j09cj6pniolon', '::1', 1538517617, 0x5f5f63695f6c6173745f726567656e65726174657c693a313533383531373337313b6964656e746974797c733a31303a226f6c75407365672e756e223b656d61696c7c733a31303a226f6c75407365672e756e223b757365725f69647c733a313a2232223b6f6c645f6c6173745f6c6f67696e7c733a31303a2231353337323637373436223b6c6173745f636865636b7c693a313533383530393636343b61646d696e5f69647c733a313a2231223b61646d696e5f656d61696c7c733a32303a2261646d696e40637564697472616465722e636f6d223b61646d696e5f726f6c657c733a353a225375706572223b61646d696e5f696e697469616c7c733a313a2241223b61646d696e5f6e616d657c733a31303a2241646d696e2044656d6f223b),
('kj4s2fbdankhn3ah6j9jn14sq1n7tal0', '::1', 1538558493, 0x5f5f63695f6c6173745f726567656e65726174657c693a313533383535383439323b),
('ogbe1g0ppmlpsip9e0ocfjmu8cerff34', '::1', 1538558864, 0x5f5f63695f6c6173745f726567656e65726174657c693a313533383535383439393b6964656e746974797c733a31303a226f6c75407365672e756e223b656d61696c7c733a31303a226f6c75407365672e756e223b757365725f69647c733a313a2232223b6f6c645f6c6173745f6c6f67696e7c733a31303a2231353338353039363634223b6c6173745f636865636b7c693a313533383535383439393b),
('0o9qm1okc723tq8dve1q47tvl6hj7nvn', '::1', 1538559103, 0x5f5f63695f6c6173745f726567656e65726174657c693a313533383535383836373b6964656e746974797c733a31303a226f6c75407365672e756e223b656d61696c7c733a31303a226f6c75407365672e756e223b757365725f69647c733a313a2232223b6f6c645f6c6173745f6c6f67696e7c733a31303a2231353338353039363634223b6c6173745f636865636b7c693a313533383535383439393b),
('s40k93bi6blahh7qjcsvj5ai0s6iovk1', '::1', 1538561287, 0x5f5f63695f6c6173745f726567656e65726174657c693a313533383536313033383b),
('r30c9pbh39a3bkvqd80dlpbatnvq5hmq', '::1', 1538561627, 0x5f5f63695f6c6173745f726567656e65726174657c693a313533383536313334393b),
('adk65do130g8q0vipg17kdfqledbilgm', '::1', 1538561729, 0x5f5f63695f6c6173745f726567656e65726174657c693a313533383536313636313b),
('hlfq0c2dkelfo1sm4c8jt6p7q3d3pn7p', '::1', 1538562150, 0x5f5f63695f6c6173745f726567656e65726174657c693a313533383536313936393b),
('55goj3fmb708cb2u4qo91qkum4061db6', '::1', 1538562398, 0x5f5f63695f6c6173745f726567656e65726174657c693a313533383536323332383b),
('p2imc33gitlretog3795vmaemk1fmd32', '::1', 1538562659, 0x5f5f63695f6c6173745f726567656e65726174657c693a313533383536323430313b6964656e746974797c733a31303a226f6c75407365672e756e223b656d61696c7c733a31303a226f6c75407365672e756e223b757365725f69647c733a313a2232223b6f6c645f6c6173745f6c6f67696e7c733a31303a2231353338353538343939223b6c6173745f636865636b7c693a313533383536323430313b),
('c3j69q1alrl6ftnkp39fo0vt1uv106im', '::1', 1538563014, 0x5f5f63695f6c6173745f726567656e65726174657c693a313533383536323738353b6964656e746974797c733a31303a226f6c75407365672e756e223b656d61696c7c733a31303a226f6c75407365672e756e223b757365725f69647c733a313a2232223b6f6c645f6c6173745f6c6f67696e7c733a31303a2231353338353538343939223b6c6173745f636865636b7c693a313533383536323430313b),
('2eqqklfmn3br81m078ed60kqsquvm34e', '::1', 1538563369, 0x5f5f63695f6c6173745f726567656e65726174657c693a313533383536333133313b6964656e746974797c733a31303a226f6c75407365672e756e223b656d61696c7c733a31303a226f6c75407365672e756e223b757365725f69647c733a313a2232223b6f6c645f6c6173745f6c6f67696e7c733a31303a2231353338353538343939223b6c6173745f636865636b7c693a313533383536323430313b),
('1e59t0qbp37feb77lq01d5i7ausll06e', '::1', 1538563796, 0x5f5f63695f6c6173745f726567656e65726174657c693a313533383536333530313b6964656e746974797c733a31303a226f6c75407365672e756e223b656d61696c7c733a31303a226f6c75407365672e756e223b757365725f69647c733a313a2232223b6f6c645f6c6173745f6c6f67696e7c733a31303a2231353338353538343939223b6c6173745f636865636b7c693a313533383536323430313b),
('b65o3pe8kb2s80a9a8uatqjb6fkdkn6f', '::1', 1538564075, 0x5f5f63695f6c6173745f726567656e65726174657c693a313533383536333830353b6964656e746974797c733a31303a226f6c75407365672e756e223b656d61696c7c733a31303a226f6c75407365672e756e223b757365725f69647c733a313a2232223b6f6c645f6c6173745f6c6f67696e7c733a31303a2231353338353538343939223b6c6173745f636865636b7c693a313533383536323430313b),
('uptn05qdq771t1s1gqd3n7o3blkjevdi', '::1', 1538564231, 0x5f5f63695f6c6173745f726567656e65726174657c693a313533383536343233313b),
('e280ra4ha544td6mdrgj4svsrqkmfob7', '::1', 1538564245, 0x5f5f63695f6c6173745f726567656e65726174657c693a313533383536343233353b6964656e746974797c733a31303a226f6c75407365672e756e223b656d61696c7c733a31303a226f6c75407365672e756e223b757365725f69647c733a313a2232223b6f6c645f6c6173745f6c6f67696e7c733a31303a2231353338353632343031223b6c6173745f636865636b7c693a313533383536343233353b),
('t8mamcd2vap5k2ofrppv2kn607hn0tjq', '::1', 1539094958, 0x5f5f63695f6c6173745f726567656e65726174657c693a313533393039343932353b),
('9q4rfd2emnifgcrgv5ihpqsfulngbbuv', '::1', 1539095031, 0x5f5f63695f6c6173745f726567656e65726174657c693a313533393039353033313b),
('72s7mcvcc185kuif66lqabf1phpudao0', '::1', 1539095063, 0x5f5f63695f6c6173745f726567656e65726174657c693a313533393039353036303b),
('p01a24aeiqnru7vc81lgc4v2m0pltcdo', '::1', 1539095530, 0x5f5f63695f6c6173745f726567656e65726174657c693a313533393039353337393b6d6573736167657c733a303a22223b5f5f63695f766172737c613a313a7b733a373a226d657373616765223b733a333a226f6c64223b7d),
('7eo4clvvlgcglj0263vq8b1hpbsh0j03', '::1', 1539097771, 0x5f5f63695f6c6173745f726567656e65726174657c693a313533393039373637303b61646d696e5f69647c733a313a2231223b61646d696e5f656d61696c7c733a32303a2261646d696e40637564697472616465722e636f6d223b61646d696e5f726f6c657c733a353a225375706572223b61646d696e5f696e697469616c7c733a313a2241223b61646d696e5f6e616d657c733a31303a2241646d696e2044656d6f223b),
('hakqj7mnnbh6m7aagkm8dp5m9boakkup', '::1', 1539098465, 0x5f5f63695f6c6173745f726567656e65726174657c693a313533393039383432313b61646d696e5f69647c733a313a2231223b61646d696e5f656d61696c7c733a32303a2261646d696e40637564697472616465722e636f6d223b61646d696e5f726f6c657c733a353a225375706572223b61646d696e5f696e697469616c7c733a313a2241223b61646d696e5f6e616d657c733a31303a2241646d696e2044656d6f223b),
('r9cn6a2bge415dks3a3kvb5v56rim7m5', '::1', 1539099118, 0x5f5f63695f6c6173745f726567656e65726174657c693a313533393039383833323b61646d696e5f69647c733a313a2231223b61646d696e5f656d61696c7c733a32303a2261646d696e40637564697472616465722e636f6d223b61646d696e5f726f6c657c733a353a225375706572223b61646d696e5f696e697469616c7c733a313a2241223b61646d696e5f6e616d657c733a31303a2241646d696e2044656d6f223b),
('4d9p3u0teq3tu4ofouek9n96pvgdgghi', '::1', 1539099659, 0x5f5f63695f6c6173745f726567656e65726174657c693a313533393039393230353b61646d696e5f69647c733a313a2231223b61646d696e5f656d61696c7c733a32303a2261646d696e40637564697472616465722e636f6d223b61646d696e5f726f6c657c733a353a225375706572223b61646d696e5f696e697469616c7c733a313a2241223b61646d696e5f6e616d657c733a31303a2241646d696e2044656d6f223b),
('ml46366ics857qusdbrm5q9rid47g622', '::1', 1539099957, 0x5f5f63695f6c6173745f726567656e65726174657c693a313533393039393833343b61646d696e5f69647c733a313a2231223b61646d696e5f656d61696c7c733a32303a2261646d696e40637564697472616465722e636f6d223b61646d696e5f726f6c657c733a353a225375706572223b61646d696e5f696e697469616c7c733a313a2241223b61646d696e5f6e616d657c733a31303a2241646d696e2044656d6f223b),
('98s7hi6488c055qose0o80rate92ht03', '::1', 1539100269, 0x5f5f63695f6c6173745f726567656e65726174657c693a313533393039393936313b61646d696e5f69647c733a313a2231223b61646d696e5f656d61696c7c733a32303a2261646d696e40637564697472616465722e636f6d223b61646d696e5f726f6c657c733a353a225375706572223b61646d696e5f696e697469616c7c733a313a2241223b61646d696e5f6e616d657c733a31303a2241646d696e2044656d6f223b6964656e746974797c733a31303a226f6c75407365672e756e223b656d61696c7c733a31303a226f6c75407365672e756e223b757365725f69647c733a313a2232223b6f6c645f6c6173745f6c6f67696e7c733a31303a2231353339303935303434223b6c6173745f636865636b7c693a313533393039393936313b),
('boiiuqf01ichaad6ucua300um1ro0a22', '::1', 1539105920, 0x5f5f63695f6c6173745f726567656e65726174657c693a313533393130303237313b61646d696e5f69647c733a313a2231223b61646d696e5f656d61696c7c733a32303a2261646d696e40637564697472616465722e636f6d223b61646d696e5f726f6c657c733a353a225375706572223b61646d696e5f696e697469616c7c733a313a2241223b61646d696e5f6e616d657c733a31303a2241646d696e2044656d6f223b6964656e746974797c733a31303a226f6c75407365672e756e223b656d61696c7c733a31303a226f6c75407365672e756e223b757365725f69647c733a313a2232223b6f6c645f6c6173745f6c6f67696e7c733a31303a2231353339303935303434223b6c6173745f636865636b7c693a313533393039393936313b),
('e395bqg2b7fodg0ik4lp6a6q6fmq86pm', '::1', 1539106163, 0x5f5f63695f6c6173745f726567656e65726174657c693a313533393130353933333b61646d696e5f69647c733a313a2231223b61646d696e5f656d61696c7c733a32303a2261646d696e40637564697472616465722e636f6d223b61646d696e5f726f6c657c733a353a225375706572223b61646d696e5f696e697469616c7c733a313a2241223b61646d696e5f6e616d657c733a31303a2241646d696e2044656d6f223b6964656e746974797c733a31303a226f6c75407365672e756e223b656d61696c7c733a31303a226f6c75407365672e756e223b757365725f69647c733a313a2232223b6f6c645f6c6173745f6c6f67696e7c733a31303a2231353339303935303434223b6c6173745f636865636b7c693a313533393039393936313b);
INSERT INTO `cudi_sess` (`id`, `ip_address`, `timestamp`, `data`) VALUES
('bhgotmg0q0ul1ob22ae0clqmj8vrsp2k', '::1', 1539106771, 0x5f5f63695f6c6173745f726567656e65726174657c693a313533393130363239353b61646d696e5f69647c733a313a2231223b61646d696e5f656d61696c7c733a32303a2261646d696e40637564697472616465722e636f6d223b61646d696e5f726f6c657c733a353a225375706572223b61646d696e5f696e697469616c7c733a313a2241223b61646d696e5f6e616d657c733a31303a2241646d696e2044656d6f223b6964656e746974797c733a31303a226f6c75407365672e756e223b656d61696c7c733a31303a226f6c75407365672e756e223b757365725f69647c733a313a2232223b6f6c645f6c6173745f6c6f67696e7c733a31303a2231353339303935303434223b6c6173745f636865636b7c693a313533393039393936313b),
('vhn7m10els3g1ade9mc7df9dp51nfbt3', '::1', 1539106800, 0x5f5f63695f6c6173745f726567656e65726174657c693a313533393130363737333b61646d696e5f69647c733a313a2231223b61646d696e5f656d61696c7c733a32303a2261646d696e40637564697472616465722e636f6d223b61646d696e5f726f6c657c733a353a225375706572223b61646d696e5f696e697469616c7c733a313a2241223b61646d696e5f6e616d657c733a31303a2241646d696e2044656d6f223b6964656e746974797c733a31303a226f6c75407365672e756e223b656d61696c7c733a31303a226f6c75407365672e756e223b757365725f69647c733a313a2232223b6f6c645f6c6173745f6c6f67696e7c733a31303a2231353339303935303434223b6c6173745f636865636b7c693a313533393039393936313b),
('l85ia05ihi5u9vlefhlf1dk9dolm38bf', '::1', 1539107348, 0x5f5f63695f6c6173745f726567656e65726174657c693a313533393130373333303b61646d696e5f69647c733a313a2231223b61646d696e5f656d61696c7c733a32303a2261646d696e40637564697472616465722e636f6d223b61646d696e5f726f6c657c733a353a225375706572223b61646d696e5f696e697469616c7c733a313a2241223b61646d696e5f6e616d657c733a31303a2241646d696e2044656d6f223b6964656e746974797c733a31303a226f6c75407365672e756e223b656d61696c7c733a31303a226f6c75407365672e756e223b757365725f69647c733a313a2232223b6f6c645f6c6173745f6c6f67696e7c733a31303a2231353339303935303434223b6c6173745f636865636b7c693a313533393039393936313b),
('ppgvsertdc7l564shl1ve5o2al0ekhkj', '::1', 1539107904, 0x5f5f63695f6c6173745f726567656e65726174657c693a313533393130373638303b61646d696e5f69647c733a313a2231223b61646d696e5f656d61696c7c733a32303a2261646d696e40637564697472616465722e636f6d223b61646d696e5f726f6c657c733a353a225375706572223b61646d696e5f696e697469616c7c733a313a2241223b61646d696e5f6e616d657c733a31303a2241646d696e2044656d6f223b6964656e746974797c733a31303a226f6c75407365672e756e223b656d61696c7c733a31303a226f6c75407365672e756e223b757365725f69647c733a313a2232223b6f6c645f6c6173745f6c6f67696e7c733a31303a2231353339303935303434223b6c6173745f636865636b7c693a313533393039393936313b),
('7o5gcltmbi58sdtk3t9fadsmuhu0g28n', '::1', 1539108352, 0x5f5f63695f6c6173745f726567656e65726174657c693a313533393130383233333b61646d696e5f69647c733a313a2231223b61646d696e5f656d61696c7c733a32303a2261646d696e40637564697472616465722e636f6d223b61646d696e5f726f6c657c733a353a225375706572223b61646d696e5f696e697469616c7c733a313a2241223b61646d696e5f6e616d657c733a31303a2241646d696e2044656d6f223b6964656e746974797c733a31303a226f6c75407365672e756e223b656d61696c7c733a31303a226f6c75407365672e756e223b757365725f69647c733a313a2232223b6f6c645f6c6173745f6c6f67696e7c733a31303a2231353339303935303434223b6c6173745f636865636b7c693a313533393039393936313b),
('59pau548k1dvqoh2tt47ef9qp2ubgdor', '::1', 1539108727, 0x5f5f63695f6c6173745f726567656e65726174657c693a313533393130383632343b61646d696e5f69647c733a313a2231223b61646d696e5f656d61696c7c733a32303a2261646d696e40637564697472616465722e636f6d223b61646d696e5f726f6c657c733a353a225375706572223b61646d696e5f696e697469616c7c733a313a2241223b61646d696e5f6e616d657c733a31303a2241646d696e2044656d6f223b6964656e746974797c733a31303a226f6c75407365672e756e223b656d61696c7c733a31303a226f6c75407365672e756e223b757365725f69647c733a313a2232223b6f6c645f6c6173745f6c6f67696e7c733a31303a2231353339303935303434223b6c6173745f636865636b7c693a313533393039393936313b),
('nv4d8qba90rfacti6lspe5lcnr5eabb4', '::1', 1539109329, 0x5f5f63695f6c6173745f726567656e65726174657c693a313533393130393033313b61646d696e5f69647c733a313a2231223b61646d696e5f656d61696c7c733a32303a2261646d696e40637564697472616465722e636f6d223b61646d696e5f726f6c657c733a353a225375706572223b61646d696e5f696e697469616c7c733a313a2241223b61646d696e5f6e616d657c733a31303a2241646d696e2044656d6f223b6964656e746974797c733a31303a226f6c75407365672e756e223b656d61696c7c733a31303a226f6c75407365672e756e223b757365725f69647c733a313a2232223b6f6c645f6c6173745f6c6f67696e7c733a31303a2231353339303935303434223b6c6173745f636865636b7c693a313533393039393936313b),
('oc3rv0fsqj0pkun05f07cd51hnpunumj', '::1', 1539109753, 0x5f5f63695f6c6173745f726567656e65726174657c693a313533393130393334353b61646d696e5f69647c733a313a2231223b61646d696e5f656d61696c7c733a32303a2261646d696e40637564697472616465722e636f6d223b61646d696e5f726f6c657c733a353a225375706572223b61646d696e5f696e697469616c7c733a313a2241223b61646d696e5f6e616d657c733a31303a2241646d696e2044656d6f223b6964656e746974797c733a31303a226f6c75407365672e756e223b656d61696c7c733a31303a226f6c75407365672e756e223b757365725f69647c733a313a2232223b6f6c645f6c6173745f6c6f67696e7c733a31303a2231353339303935303434223b6c6173745f636865636b7c693a313533393039393936313b),
('ohfel23hqq78iv6r3giiti9lj3p89jhb', '::1', 1539110274, 0x5f5f63695f6c6173745f726567656e65726174657c693a313533393130393735353b61646d696e5f69647c733a313a2231223b61646d696e5f656d61696c7c733a32303a2261646d696e40637564697472616465722e636f6d223b61646d696e5f726f6c657c733a353a225375706572223b61646d696e5f696e697469616c7c733a313a2241223b61646d696e5f6e616d657c733a31303a2241646d696e2044656d6f223b6964656e746974797c733a31303a226f6c75407365672e756e223b656d61696c7c733a31303a226f6c75407365672e756e223b757365725f69647c733a313a2232223b6f6c645f6c6173745f6c6f67696e7c733a31303a2231353339303935303434223b6c6173745f636865636b7c693a313533393039393936313b),
('j3ru5t1pfbhv3s76esutv1sp9fa01eg8', '::1', 1539110691, 0x5f5f63695f6c6173745f726567656e65726174657c693a313533393131303237363b61646d696e5f69647c733a313a2231223b61646d696e5f656d61696c7c733a32303a2261646d696e40637564697472616465722e636f6d223b61646d696e5f726f6c657c733a353a225375706572223b61646d696e5f696e697469616c7c733a313a2241223b61646d696e5f6e616d657c733a31303a2241646d696e2044656d6f223b6964656e746974797c733a31303a226f6c75407365672e756e223b656d61696c7c733a31303a226f6c75407365672e756e223b757365725f69647c733a313a2232223b6f6c645f6c6173745f6c6f67696e7c733a31303a2231353339303935303434223b6c6173745f636865636b7c693a313533393039393936313b),
('3teqhtck33bejq3a1r599qk306qchnrj', '::1', 1539110981, 0x5f5f63695f6c6173745f726567656e65726174657c693a313533393131303639333b61646d696e5f69647c733a313a2231223b61646d696e5f656d61696c7c733a32303a2261646d696e40637564697472616465722e636f6d223b61646d696e5f726f6c657c733a353a225375706572223b61646d696e5f696e697469616c7c733a313a2241223b61646d696e5f6e616d657c733a31303a2241646d696e2044656d6f223b6964656e746974797c733a31303a226f6c75407365672e756e223b656d61696c7c733a31303a226f6c75407365672e756e223b757365725f69647c733a313a2232223b6f6c645f6c6173745f6c6f67696e7c733a31303a2231353339303935303434223b6c6173745f636865636b7c693a313533393039393936313b),
('uk189n8e55dfrqisn03ac3o9l960fgpf', '::1', 1539111612, 0x5f5f63695f6c6173745f726567656e65726174657c693a313533393131313231323b61646d696e5f69647c733a313a2231223b61646d696e5f656d61696c7c733a32303a2261646d696e40637564697472616465722e636f6d223b61646d696e5f726f6c657c733a353a225375706572223b61646d696e5f696e697469616c7c733a313a2241223b61646d696e5f6e616d657c733a31303a2241646d696e2044656d6f223b6964656e746974797c733a31303a226f6c75407365672e756e223b656d61696c7c733a31303a226f6c75407365672e756e223b757365725f69647c733a313a2232223b6f6c645f6c6173745f6c6f67696e7c733a31303a2231353339303935303434223b6c6173745f636865636b7c693a313533393039393936313b),
('efv1ehmah4vfte4ai9j9cptr3opsj2k1', '::1', 1539111903, 0x5f5f63695f6c6173745f726567656e65726174657c693a313533393131313631333b61646d696e5f69647c733a313a2231223b61646d696e5f656d61696c7c733a32303a2261646d696e40637564697472616465722e636f6d223b61646d696e5f726f6c657c733a353a225375706572223b61646d696e5f696e697469616c7c733a313a2241223b61646d696e5f6e616d657c733a31303a2241646d696e2044656d6f223b6964656e746974797c733a31303a226f6c75407365672e756e223b656d61696c7c733a31303a226f6c75407365672e756e223b757365725f69647c733a313a2232223b6f6c645f6c6173745f6c6f67696e7c733a31303a2231353339303935303434223b6c6173745f636865636b7c693a313533393039393936313b),
('12hq4bh1dcn648t5kmlnonqaevfk0k07', '::1', 1539112547, 0x5f5f63695f6c6173745f726567656e65726174657c693a313533393131313932343b61646d696e5f69647c733a313a2231223b61646d696e5f656d61696c7c733a32303a2261646d696e40637564697472616465722e636f6d223b61646d696e5f726f6c657c733a353a225375706572223b61646d696e5f696e697469616c7c733a313a2241223b61646d696e5f6e616d657c733a31303a2241646d696e2044656d6f223b6964656e746974797c733a31303a226f6c75407365672e756e223b656d61696c7c733a31303a226f6c75407365672e756e223b757365725f69647c733a313a2232223b6f6c645f6c6173745f6c6f67696e7c733a31303a2231353339303935303434223b6c6173745f636865636b7c693a313533393039393936313b),
('md5607ri1buj6apdbmouomlshr76bmq5', '::1', 1539112815, 0x5f5f63695f6c6173745f726567656e65726174657c693a313533393131323536303b61646d696e5f69647c733a313a2231223b61646d696e5f656d61696c7c733a32303a2261646d696e40637564697472616465722e636f6d223b61646d696e5f726f6c657c733a353a225375706572223b61646d696e5f696e697469616c7c733a313a2241223b61646d696e5f6e616d657c733a31303a2241646d696e2044656d6f223b6964656e746974797c733a31303a226f6c75407365672e756e223b656d61696c7c733a31303a226f6c75407365672e756e223b757365725f69647c733a313a2232223b6f6c645f6c6173745f6c6f67696e7c733a31303a2231353339303935303434223b6c6173745f636865636b7c693a313533393039393936313b),
('279sjioiqql824a1ddqd8l6anjnv7616', '::1', 1539113165, 0x5f5f63695f6c6173745f726567656e65726174657c693a313533393131333030363b61646d696e5f69647c733a313a2231223b61646d696e5f656d61696c7c733a32303a2261646d696e40637564697472616465722e636f6d223b61646d696e5f726f6c657c733a353a225375706572223b61646d696e5f696e697469616c7c733a313a2241223b61646d696e5f6e616d657c733a31303a2241646d696e2044656d6f223b6964656e746974797c733a31303a226f6c75407365672e756e223b656d61696c7c733a31303a226f6c75407365672e756e223b757365725f69647c733a313a2232223b6f6c645f6c6173745f6c6f67696e7c733a31303a2231353339303935303434223b6c6173745f636865636b7c693a313533393039393936313b),
('qnu1pnncskgd47a1k59v5vjsd5k4tblu', '::1', 1539114098, 0x5f5f63695f6c6173745f726567656e65726174657c693a313533393131333832333b61646d696e5f69647c733a313a2231223b61646d696e5f656d61696c7c733a32303a2261646d696e40637564697472616465722e636f6d223b61646d696e5f726f6c657c733a353a225375706572223b61646d696e5f696e697469616c7c733a313a2241223b61646d696e5f6e616d657c733a31303a2241646d696e2044656d6f223b6964656e746974797c733a31303a226f6c75407365672e756e223b656d61696c7c733a31303a226f6c75407365672e756e223b757365725f69647c733a313a2232223b6f6c645f6c6173745f6c6f67696e7c733a31303a2231353339303935303434223b6c6173745f636865636b7c693a313533393039393936313b),
('iqltcj6tnrv94um1u3ooahnd7talv03f', '::1', 1539114388, 0x5f5f63695f6c6173745f726567656e65726174657c693a313533393131343134353b61646d696e5f69647c733a313a2231223b61646d696e5f656d61696c7c733a32303a2261646d696e40637564697472616465722e636f6d223b61646d696e5f726f6c657c733a353a225375706572223b61646d696e5f696e697469616c7c733a313a2241223b61646d696e5f6e616d657c733a31303a2241646d696e2044656d6f223b6964656e746974797c733a31303a226f6c75407365672e756e223b656d61696c7c733a31303a226f6c75407365672e756e223b757365725f69647c733a313a2232223b6f6c645f6c6173745f6c6f67696e7c733a31303a2231353339303935303434223b6c6173745f636865636b7c693a313533393039393936313b),
('4i5l0p4gbr4g8cud8m2gs1vmo9cia36g', '::1', 1539114970, 0x5f5f63695f6c6173745f726567656e65726174657c693a313533393131343635393b61646d696e5f69647c733a313a2231223b61646d696e5f656d61696c7c733a32303a2261646d696e40637564697472616465722e636f6d223b61646d696e5f726f6c657c733a353a225375706572223b61646d696e5f696e697469616c7c733a313a2241223b61646d696e5f6e616d657c733a31303a2241646d696e2044656d6f223b6964656e746974797c733a31303a226f6c75407365672e756e223b656d61696c7c733a31303a226f6c75407365672e756e223b757365725f69647c733a313a2232223b6f6c645f6c6173745f6c6f67696e7c733a31303a2231353339303935303434223b6c6173745f636865636b7c693a313533393039393936313b),
('jqfbpof560r8kduveujgnhs8v42dsolj', '::1', 1539116826, 0x5f5f63695f6c6173745f726567656e65726174657c693a313533393131363532363b61646d696e5f69647c733a313a2231223b61646d696e5f656d61696c7c733a32303a2261646d696e40637564697472616465722e636f6d223b61646d696e5f726f6c657c733a353a225375706572223b61646d696e5f696e697469616c7c733a313a2241223b61646d696e5f6e616d657c733a31303a2241646d696e2044656d6f223b6964656e746974797c733a31303a226f6c75407365672e756e223b656d61696c7c733a31303a226f6c75407365672e756e223b757365725f69647c733a313a2232223b6f6c645f6c6173745f6c6f67696e7c733a31303a2231353339303935303434223b6c6173745f636865636b7c693a313533393039393936313b),
('n2lo76nc2c44pup5untlgnj5kpu9at1q', '::1', 1539117123, 0x5f5f63695f6c6173745f726567656e65726174657c693a313533393131363833313b61646d696e5f69647c733a313a2231223b61646d696e5f656d61696c7c733a32303a2261646d696e40637564697472616465722e636f6d223b61646d696e5f726f6c657c733a353a225375706572223b61646d696e5f696e697469616c7c733a313a2241223b61646d696e5f6e616d657c733a31303a2241646d696e2044656d6f223b6964656e746974797c733a31303a226f6c75407365672e756e223b656d61696c7c733a31303a226f6c75407365672e756e223b757365725f69647c733a313a2232223b6f6c645f6c6173745f6c6f67696e7c733a31303a2231353339303935303434223b6c6173745f636865636b7c693a313533393039393936313b),
('ef4lar2bofcuk3umntmf5m6eofri4ibp', '::1', 1539117307, 0x5f5f63695f6c6173745f726567656e65726174657c693a313533393131373136363b61646d696e5f69647c733a313a2231223b61646d696e5f656d61696c7c733a32303a2261646d696e40637564697472616465722e636f6d223b61646d696e5f726f6c657c733a353a225375706572223b61646d696e5f696e697469616c7c733a313a2241223b61646d696e5f6e616d657c733a31303a2241646d696e2044656d6f223b6964656e746974797c733a31303a226f6c75407365672e756e223b656d61696c7c733a31303a226f6c75407365672e756e223b757365725f69647c733a313a2232223b6f6c645f6c6173745f6c6f67696e7c733a31303a2231353339303935303434223b6c6173745f636865636b7c693a313533393039393936313b),
('8pgdb1221ha4cotr42age6eda65njhev', '::1', 1539117526, 0x5f5f63695f6c6173745f726567656e65726174657c693a313533393131373531383b61646d696e5f69647c733a313a2231223b61646d696e5f656d61696c7c733a32303a2261646d696e40637564697472616465722e636f6d223b61646d696e5f726f6c657c733a353a225375706572223b61646d696e5f696e697469616c7c733a313a2241223b61646d696e5f6e616d657c733a31303a2241646d696e2044656d6f223b6964656e746974797c733a31303a226f6c75407365672e756e223b656d61696c7c733a31303a226f6c75407365672e756e223b757365725f69647c733a313a2232223b6f6c645f6c6173745f6c6f67696e7c733a31303a2231353339303935303434223b6c6173745f636865636b7c693a313533393039393936313b),
('tf3cibl2b1mogd76bvrml7jdqcvc5bom', '::1', 1539565363, 0x5f5f63695f6c6173745f726567656e65726174657c693a313533393536353334393b),
('85i6pde9m064u57tfil7ps69ipp43imq', '::1', 1539609702, 0x5f5f63695f6c6173745f726567656e65726174657c693a313533393630393730313b),
('eli7j66408mlsqbpeib6mab66ettnu93', '::1', 1539615841, 0x5f5f63695f6c6173745f726567656e65726174657c693a313533393630393730373b6964656e746974797c733a31303a226f6c75407365672e756e223b656d61696c7c733a31303a226f6c75407365672e756e223b757365725f69647c733a313a2232223b6f6c645f6c6173745f6c6f67696e7c733a31303a2231353339303939393631223b6c6173745f636865636b7c693a313533393630393730373b61646d696e5f69647c733a313a2231223b61646d696e5f656d61696c7c733a32303a2261646d696e40637564697472616465722e636f6d223b61646d696e5f726f6c657c733a353a225375706572223b61646d696e5f696e697469616c7c733a313a2241223b61646d696e5f6e616d657c733a31303a2241646d696e2044656d6f223b),
('l5a8qiihopuhaeetqcgrnr9qj2f6q3op', '::1', 1539615873, 0x5f5f63695f6c6173745f726567656e65726174657c693a313533393631353834363b6964656e746974797c733a31303a226f6c75407365672e756e223b656d61696c7c733a31303a226f6c75407365672e756e223b757365725f69647c733a313a2232223b6f6c645f6c6173745f6c6f67696e7c733a31303a2231353339303939393631223b6c6173745f636865636b7c693a313533393630393730373b61646d696e5f69647c733a313a2231223b61646d696e5f656d61696c7c733a32303a2261646d696e40637564697472616465722e636f6d223b61646d696e5f726f6c657c733a353a225375706572223b61646d696e5f696e697469616c7c733a313a2241223b61646d696e5f6e616d657c733a31303a2241646d696e2044656d6f223b),
('9qvrg0v1gcf5ipt0iuhfdfve0co7256e', '::1', 1539655904, 0x5f5f63695f6c6173745f726567656e65726174657c693a313533393635353634303b61646d696e5f69647c733a313a2231223b61646d696e5f656d61696c7c733a32303a2261646d696e40637564697472616465722e636f6d223b61646d696e5f726f6c657c733a353a225375706572223b61646d696e5f696e697469616c7c733a313a2241223b61646d696e5f6e616d657c733a31303a2241646d696e2044656d6f223b),
('t6oqa80tiaafikg09ggeslscugkivoq3', '::1', 1539655913, 0x5f5f63695f6c6173745f726567656e65726174657c693a313533393635353931323b61646d696e5f69647c733a313a2231223b61646d696e5f656d61696c7c733a32303a2261646d696e40637564697472616465722e636f6d223b61646d696e5f726f6c657c733a353a225375706572223b61646d696e5f696e697469616c7c733a313a2241223b61646d696e5f6e616d657c733a31303a2241646d696e2044656d6f223b6964656e746974797c733a31303a226f6c75407365672e756e223b656d61696c7c733a31303a226f6c75407365672e756e223b757365725f69647c733a313a2232223b6f6c645f6c6173745f6c6f67696e7c733a31303a2231353339363039373037223b6c6173745f636865636b7c693a313533393635353931323b),
('bn13t59scql45s7tu2c380dmjerthaqa', '::1', 1539657742, 0x5f5f63695f6c6173745f726567656e65726174657c693a313533393635363433303b61646d696e5f69647c733a313a2231223b61646d696e5f656d61696c7c733a32303a2261646d696e40637564697472616465722e636f6d223b61646d696e5f726f6c657c733a353a225375706572223b61646d696e5f696e697469616c7c733a313a2241223b61646d696e5f6e616d657c733a31303a2241646d696e2044656d6f223b6964656e746974797c733a31303a226f6c75407365672e756e223b656d61696c7c733a31303a226f6c75407365672e756e223b757365725f69647c733a313a2232223b6f6c645f6c6173745f6c6f67696e7c733a31303a2231353339363039373037223b6c6173745f636865636b7c693a313533393635353931323b),
('sm6j327cilfc4m8prjpg4f7rd1p68tpr', '::1', 1539657746, 0x5f5f63695f6c6173745f726567656e65726174657c693a313533393635373734333b61646d696e5f69647c733a313a2231223b61646d696e5f656d61696c7c733a32303a2261646d696e40637564697472616465722e636f6d223b61646d696e5f726f6c657c733a353a225375706572223b61646d696e5f696e697469616c7c733a313a2241223b61646d696e5f6e616d657c733a31303a2241646d696e2044656d6f223b6964656e746974797c733a31303a226f6c75407365672e756e223b656d61696c7c733a31303a226f6c75407365672e756e223b757365725f69647c733a313a2232223b6f6c645f6c6173745f6c6f67696e7c733a31303a2231353339363039373037223b6c6173745f636865636b7c693a313533393635353931323b),
('lidi7ic9frfvcr75494pb5kv67po34ef', '::1', 1539666791, ''),
('adcq21pqgst35ugujulb6bosk7vdceou', '::1', 1539667814, 0x5f5f63695f6c6173745f726567656e65726174657c693a313533393636363830303b61646d696e5f69647c733a313a2231223b61646d696e5f656d61696c7c733a32303a2261646d696e40637564697472616465722e636f6d223b61646d696e5f726f6c657c733a353a225375706572223b61646d696e5f696e697469616c7c733a313a2241223b61646d696e5f6e616d657c733a31303a2241646d696e2044656d6f223b),
('fv813gvodd3i9g3bvh3g76pi46hp8hud', '::1', 1539668357, 0x5f5f63695f6c6173745f726567656e65726174657c693a313533393636383335373b61646d696e5f69647c733a313a2231223b61646d696e5f656d61696c7c733a32303a2261646d696e40637564697472616465722e636f6d223b61646d696e5f726f6c657c733a353a225375706572223b61646d696e5f696e697469616c7c733a313a2241223b61646d696e5f6e616d657c733a31303a2241646d696e2044656d6f223b),
('s5mgj2uvoaub4knu00s1u6tinnr1le3o', '::1', 1539668548, 0x5f5f63695f6c6173745f726567656e65726174657c693a313533393636383336323b61646d696e5f69647c733a313a2231223b61646d696e5f656d61696c7c733a32303a2261646d696e40637564697472616465722e636f6d223b61646d696e5f726f6c657c733a353a225375706572223b61646d696e5f696e697469616c7c733a313a2241223b61646d696e5f6e616d657c733a31303a2241646d696e2044656d6f223b6964656e746974797c733a31303a226f6c75407365672e756e223b656d61696c7c733a31303a226f6c75407365672e756e223b757365725f69647c733a313a2232223b6f6c645f6c6173745f6c6f67696e7c733a31303a2231353339363535393132223b6c6173745f636865636b7c693a313533393636383336323b),
('srq0f288fopiko0c8lfg7o1o4iv8hovi', '::1', 1539669089, 0x5f5f63695f6c6173745f726567656e65726174657c693a313533393636383834353b61646d696e5f69647c733a313a2231223b61646d696e5f656d61696c7c733a32303a2261646d696e40637564697472616465722e636f6d223b61646d696e5f726f6c657c733a353a225375706572223b61646d696e5f696e697469616c7c733a313a2241223b61646d696e5f6e616d657c733a31303a2241646d696e2044656d6f223b6964656e746974797c733a31303a226f6c75407365672e756e223b656d61696c7c733a31303a226f6c75407365672e756e223b757365725f69647c733a313a2232223b6f6c645f6c6173745f6c6f67696e7c733a31303a2231353339363535393132223b6c6173745f636865636b7c693a313533393636383336323b),
('4tj98k5dq2kb3re8uogmkqlcimufm142', '::1', 1539669702, 0x5f5f63695f6c6173745f726567656e65726174657c693a313533393636393135343b61646d696e5f69647c733a313a2231223b61646d696e5f656d61696c7c733a32303a2261646d696e40637564697472616465722e636f6d223b61646d696e5f726f6c657c733a353a225375706572223b61646d696e5f696e697469616c7c733a313a2241223b61646d696e5f6e616d657c733a31303a2241646d696e2044656d6f223b6964656e746974797c733a31303a226f6c75407365672e756e223b656d61696c7c733a31303a226f6c75407365672e756e223b757365725f69647c733a313a2232223b6f6c645f6c6173745f6c6f67696e7c733a31303a2231353339363535393132223b6c6173745f636865636b7c693a313533393636383336323b),
('go5q0esormdat8ljqbnav88jc7robjt4', '::1', 1539669978, 0x5f5f63695f6c6173745f726567656e65726174657c693a313533393636393730333b61646d696e5f69647c733a313a2231223b61646d696e5f656d61696c7c733a32303a2261646d696e40637564697472616465722e636f6d223b61646d696e5f726f6c657c733a353a225375706572223b61646d696e5f696e697469616c7c733a313a2241223b61646d696e5f6e616d657c733a31303a2241646d696e2044656d6f223b6964656e746974797c733a31303a226f6c75407365672e756e223b656d61696c7c733a31303a226f6c75407365672e756e223b757365725f69647c733a313a2232223b6f6c645f6c6173745f6c6f67696e7c733a31303a2231353339363535393132223b6c6173745f636865636b7c693a313533393636383336323b),
('vka42avov9ggd4ihokn4s6nula6e7en6', '::1', 1539670506, 0x5f5f63695f6c6173745f726567656e65726174657c693a313533393637303238343b61646d696e5f69647c733a313a2231223b61646d696e5f656d61696c7c733a32303a2261646d696e40637564697472616465722e636f6d223b61646d696e5f726f6c657c733a353a225375706572223b61646d696e5f696e697469616c7c733a313a2241223b61646d696e5f6e616d657c733a31303a2241646d696e2044656d6f223b6964656e746974797c733a31303a226f6c75407365672e756e223b656d61696c7c733a31303a226f6c75407365672e756e223b757365725f69647c733a313a2232223b6f6c645f6c6173745f6c6f67696e7c733a31303a2231353339363535393132223b6c6173745f636865636b7c693a313533393636383336323b),
('43ljforqs7mi5arhopo96cilrietm96u', '::1', 1539672075, 0x5f5f63695f6c6173745f726567656e65726174657c693a313533393637313530353b61646d696e5f69647c733a313a2231223b61646d696e5f656d61696c7c733a32303a2261646d696e40637564697472616465722e636f6d223b61646d696e5f726f6c657c733a353a225375706572223b61646d696e5f696e697469616c7c733a313a2241223b61646d696e5f6e616d657c733a31303a2241646d696e2044656d6f223b6964656e746974797c733a31303a226f6c75407365672e756e223b656d61696c7c733a31303a226f6c75407365672e756e223b757365725f69647c733a313a2232223b6f6c645f6c6173745f6c6f67696e7c733a31303a2231353339363535393132223b6c6173745f636865636b7c693a313533393636383336323b),
('t2jfck60g35ekua455penslkunme9t47', '::1', 1539674407, 0x5f5f63695f6c6173745f726567656e65726174657c693a313533393637323130343b61646d696e5f69647c733a313a2231223b61646d696e5f656d61696c7c733a32303a2261646d696e40637564697472616465722e636f6d223b61646d696e5f726f6c657c733a353a225375706572223b61646d696e5f696e697469616c7c733a313a2241223b61646d696e5f6e616d657c733a31303a2241646d696e2044656d6f223b6964656e746974797c733a31303a226f6c75407365672e756e223b656d61696c7c733a31303a226f6c75407365672e756e223b757365725f69647c733a313a2232223b6f6c645f6c6173745f6c6f67696e7c733a31303a2231353339363535393132223b6c6173745f636865636b7c693a313533393636383336323b),
('p65q5pcpb279ot9c5gbs79botvt2m4rn', '::1', 1539674378, 0x5f5f63695f6c6173745f726567656e65726174657c693a313533393637343337373b),
('of9mcmvm23egq8uq9khtsg7sipvpbui4', '::1', 1539674407, 0x5f5f63695f6c6173745f726567656e65726174657c693a313533393637343430373b),
('r33ohpc3i0c5aibd5ek4rtn8lp849rm9', '::1', 1539674569, 0x5f5f63695f6c6173745f726567656e65726174657c693a313533393637343433383b61646d696e5f69647c733a313a2231223b61646d696e5f656d61696c7c733a32303a2261646d696e40637564697472616465722e636f6d223b61646d696e5f726f6c657c733a353a225375706572223b61646d696e5f696e697469616c7c733a313a2241223b61646d696e5f6e616d657c733a31303a2241646d696e2044656d6f223b6964656e746974797c733a31303a226f6c75407365672e756e223b656d61696c7c733a31303a226f6c75407365672e756e223b757365725f69647c733a313a2232223b6f6c645f6c6173745f6c6f67696e7c733a31303a2231353339363535393132223b6c6173745f636865636b7c693a313533393636383336323b),
('vkprcpe9a1l8402dojqksmnv06k7mv1e', '::1', 1539674569, 0x5f5f63695f6c6173745f726567656e65726174657c693a313533393637343536393b),
('2gk3mocnn95h9u2hob7ftc9ngmbnm716', '::1', 1539674692, 0x5f5f63695f6c6173745f726567656e65726174657c693a313533393637343639323b),
('cflibmbbfoiqcd97aijv1ai4fhn3eovn', '::1', 1539674707, 0x5f5f63695f6c6173745f726567656e65726174657c693a313533393637343730373b),
('6ub9m2261ippihfjmtip354krdtf6e6j', '::1', 1539674727, 0x5f5f63695f6c6173745f726567656e65726174657c693a313533393637343732373b),
('6rgtggq0b6tc3q2l7ohhechdtgr1a1rg', '::1', 1539674729, 0x5f5f63695f6c6173745f726567656e65726174657c693a313533393637343732393b),
('pmgthi6u2515diflkfmsu52c6i1lnjqn', '::1', 1539674734, 0x5f5f63695f6c6173745f726567656e65726174657c693a313533393637343733343b),
('32m5th3n5bd8rn1evpcor1a8d2ssp2bd', '::1', 1539674750, 0x5f5f63695f6c6173745f726567656e65726174657c693a313533393637343735303b),
('ksavudu5u5c6b2t313df1t9rdm1tqo8q', '::1', 1539674763, 0x5f5f63695f6c6173745f726567656e65726174657c693a313533393637343736333b),
('7j0e4bpteql4sbfia62kqjcbj39qe095', '::1', 1539674783, 0x5f5f63695f6c6173745f726567656e65726174657c693a313533393637343738333b),
('9hurcj3s250p821s3rb0nshqsg2gmji4', '::1', 1539674875, 0x5f5f63695f6c6173745f726567656e65726174657c693a313533393637343837353b),
('citdrd45ivl1igfk6vukplft6b8re5fe', '::1', 1539674897, 0x5f5f63695f6c6173745f726567656e65726174657c693a313533393637343839373b),
('ilfvf2ffmbe8jk029aemprrqvdtcje07', '::1', 1539674940, 0x5f5f63695f6c6173745f726567656e65726174657c693a313533393637343933383b),
('704k53773q8jannvtbnsbu6e90su7a9q', '::1', 1539675202, 0x5f5f63695f6c6173745f726567656e65726174657c693a313533393637343937343b61646d696e5f69647c733a313a2231223b61646d696e5f656d61696c7c733a32303a2261646d696e40637564697472616465722e636f6d223b61646d696e5f726f6c657c733a353a225375706572223b61646d696e5f696e697469616c7c733a313a2241223b61646d696e5f6e616d657c733a31303a2241646d696e2044656d6f223b6964656e746974797c733a31303a226f6c75407365672e756e223b656d61696c7c733a31303a226f6c75407365672e756e223b757365725f69647c733a313a2232223b6f6c645f6c6173745f6c6f67696e7c733a31303a2231353339363535393132223b6c6173745f636865636b7c693a313533393636383336323b),
('9n35qkvg9t134qtnsddt6edsggpams76', '::1', 1539675004, 0x5f5f63695f6c6173745f726567656e65726174657c693a313533393637353030343b),
('3pfov60oj7ij7rels2gh3kgnuhfi9ugi', '::1', 1539675024, 0x5f5f63695f6c6173745f726567656e65726174657c693a313533393637353032343b),
('qigi45kop6bqocsbf3maq0drfrocglcr', '::1', 1539675156, 0x5f5f63695f6c6173745f726567656e65726174657c693a313533393637353135363b),
('q6hdngj1v0uk49rn8hckvnk273p24jop', '::1', 1539675202, 0x5f5f63695f6c6173745f726567656e65726174657c693a313533393637353230323b),
('4r30d548a15osj02ne087cbcb6c24eui', '::1', 1539675333, 0x5f5f63695f6c6173745f726567656e65726174657c693a313533393637353333333b),
('blhqjj0iql6dpsl9hgh9ss6mmq801fjg', '::1', 1539675598, 0x5f5f63695f6c6173745f726567656e65726174657c693a313533393637353333333b61646d696e5f69647c733a313a2231223b61646d696e5f656d61696c7c733a32303a2261646d696e40637564697472616465722e636f6d223b61646d696e5f726f6c657c733a353a225375706572223b61646d696e5f696e697469616c7c733a313a2241223b61646d696e5f6e616d657c733a31303a2241646d696e2044656d6f223b6964656e746974797c733a31303a226f6c75407365672e756e223b656d61696c7c733a31303a226f6c75407365672e756e223b757365725f69647c733a313a2232223b6f6c645f6c6173745f6c6f67696e7c733a31303a2231353339363535393132223b6c6173745f636865636b7c693a313533393636383336323b),
('mhvbo9056fbshnkmf4mdap0t8ffnbrbs', '::1', 1539675373, 0x5f5f63695f6c6173745f726567656e65726174657c693a313533393637353337333b),
('ruuupoprbqmj55cs8mfba8smuqefi963', '::1', 1539675393, 0x5f5f63695f6c6173745f726567656e65726174657c693a313533393637353339333b),
('qknbflp8dt758lprep7ora18ih59ugl2', '::1', 1539675396, 0x5f5f63695f6c6173745f726567656e65726174657c693a313533393637353339363b),
('cmpbarkp1ervuo069galk3amnvu8fvsq', '::1', 1539675510, 0x5f5f63695f6c6173745f726567656e65726174657c693a313533393637353531303b),
('22oqrcpdjfej3lun1afepeg6tnct938q', '::1', 1539675531, 0x5f5f63695f6c6173745f726567656e65726174657c693a313533393637353533313b),
('nr5fcg9eap0s415sk4bb68u0abogo0nl', '::1', 1539675576, 0x5f5f63695f6c6173745f726567656e65726174657c693a313533393637353537363b),
('vcdj9ilc4s8n4oiikbvtoudkko8nqomr', '::1', 1539675598, 0x5f5f63695f6c6173745f726567656e65726174657c693a313533393637353539373b),
('empcl6rk2v9986fboub3ieb5regqnn02', '::1', 1539675701, 0x5f5f63695f6c6173745f726567656e65726174657c693a313533393637353730313b),
('fi3nknd9ni70dije2l24u6fu4ev38vul', '::1', 1539675701, 0x5f5f63695f6c6173745f726567656e65726174657c693a313533393637353730313b),
('ghjpcf2gl7d3sjlcfp3emd8ue891cufk', '::1', 1539675701, 0x5f5f63695f6c6173745f726567656e65726174657c693a313533393637353730313b),
('6sse51juo53fc56iq0mhu66k6ak65c2b', '::1', 1539675701, 0x5f5f63695f6c6173745f726567656e65726174657c693a313533393637353730313b61646d696e5f69647c733a313a2231223b61646d696e5f656d61696c7c733a32303a2261646d696e40637564697472616465722e636f6d223b61646d696e5f726f6c657c733a353a225375706572223b61646d696e5f696e697469616c7c733a313a2241223b61646d696e5f6e616d657c733a31303a2241646d696e2044656d6f223b6964656e746974797c733a31303a226f6c75407365672e756e223b656d61696c7c733a31303a226f6c75407365672e756e223b757365725f69647c733a313a2232223b6f6c645f6c6173745f6c6f67696e7c733a31303a2231353339363535393132223b6c6173745f636865636b7c693a313533393636383336323b),
('0qr9gijohbke665r1r2vjinunbtk4e84', '::1', 1539676565, 0x5f5f63695f6c6173745f726567656e65726174657c693a313533393637363536353b),
('rf8m6ld4f4nkg7i4c5upmfhag8vht3s4', '::1', 1539676867, 0x5f5f63695f6c6173745f726567656e65726174657c693a313533393637363536353b61646d696e5f69647c733a313a2231223b61646d696e5f656d61696c7c733a32303a2261646d696e40637564697472616465722e636f6d223b61646d696e5f726f6c657c733a353a225375706572223b61646d696e5f696e697469616c7c733a313a2241223b61646d696e5f6e616d657c733a31303a2241646d696e2044656d6f223b6964656e746974797c733a31303a226f6c75407365672e756e223b656d61696c7c733a31303a226f6c75407365672e756e223b757365725f69647c733a313a2232223b6f6c645f6c6173745f6c6f67696e7c733a31303a2231353339363535393132223b6c6173745f636865636b7c693a313533393636383336323b),
('6ed6n9m2iglje3as66ev7i27ur42qpha', '::1', 1539676589, 0x5f5f63695f6c6173745f726567656e65726174657c693a313533393637363538393b),
('3qmugu8pgtf94ecrm6sqnq6c3dsqn3d8', '::1', 1539676645, 0x5f5f63695f6c6173745f726567656e65726174657c693a313533393637363634353b),
('2vde5g7g8b2lj1kegt2nsedncfl786s0', '::1', 1539676657, 0x5f5f63695f6c6173745f726567656e65726174657c693a313533393637363635373b),
('a156u60etbtg7ep564539pjr4ipnh5ot', '::1', 1539676657, 0x5f5f63695f6c6173745f726567656e65726174657c693a313533393637363635373b),
('vdrguq8oovdio34hb5bcp8rqnab77iim', '::1', 1539677584, 0x5f5f63695f6c6173745f726567656e65726174657c693a313533393637363839383b61646d696e5f69647c733a313a2231223b61646d696e5f656d61696c7c733a32303a2261646d696e40637564697472616465722e636f6d223b61646d696e5f726f6c657c733a353a225375706572223b61646d696e5f696e697469616c7c733a313a2241223b61646d696e5f6e616d657c733a31303a2241646d696e2044656d6f223b6964656e746974797c733a31303a226f6c75407365672e756e223b656d61696c7c733a31303a226f6c75407365672e756e223b757365725f69647c733a313a2232223b6f6c645f6c6173745f6c6f67696e7c733a31303a2231353339363535393132223b6c6173745f636865636b7c693a313533393636383336323b),
('tgtk4hp8ucm65v9im0gn75qeulsuthok', '::1', 1539677760, 0x5f5f63695f6c6173745f726567656e65726174657c693a313533393637373633363b61646d696e5f69647c733a313a2231223b61646d696e5f656d61696c7c733a32303a2261646d696e40637564697472616465722e636f6d223b61646d696e5f726f6c657c733a353a225375706572223b61646d696e5f696e697469616c7c733a313a2241223b61646d696e5f6e616d657c733a31303a2241646d696e2044656d6f223b6964656e746974797c733a31303a226f6c75407365672e756e223b656d61696c7c733a31303a226f6c75407365672e756e223b757365725f69647c733a313a2232223b6f6c645f6c6173745f6c6f67696e7c733a31303a2231353339363535393132223b6c6173745f636865636b7c693a313533393636383336323b),
('bbtr8kt3arjn8edo0jmqh06njbuds516', '::1', 1539678491, 0x5f5f63695f6c6173745f726567656e65726174657c693a313533393637383132383b61646d696e5f69647c733a313a2231223b61646d696e5f656d61696c7c733a32303a2261646d696e40637564697472616465722e636f6d223b61646d696e5f726f6c657c733a353a225375706572223b61646d696e5f696e697469616c7c733a313a2241223b61646d696e5f6e616d657c733a31303a2241646d696e2044656d6f223b6964656e746974797c733a31303a226f6c75407365672e756e223b656d61696c7c733a31303a226f6c75407365672e756e223b757365725f69647c733a313a2232223b6f6c645f6c6173745f6c6f67696e7c733a31303a2231353339363535393132223b6c6173745f636865636b7c693a313533393636383336323b),
('t6hupjlkqt72dqpi7a0iko54fbfdkvq2', '::1', 1539678830, 0x5f5f63695f6c6173745f726567656e65726174657c693a313533393637383534323b61646d696e5f69647c733a313a2231223b61646d696e5f656d61696c7c733a32303a2261646d696e40637564697472616465722e636f6d223b61646d696e5f726f6c657c733a353a225375706572223b61646d696e5f696e697469616c7c733a313a2241223b61646d696e5f6e616d657c733a31303a2241646d696e2044656d6f223b6964656e746974797c733a31303a226f6c75407365672e756e223b656d61696c7c733a31303a226f6c75407365672e756e223b757365725f69647c733a313a2232223b6f6c645f6c6173745f6c6f67696e7c733a31303a2231353339363535393132223b6c6173745f636865636b7c693a313533393636383336323b),
('n5nm2bt7jjhngnmaidb6fb11nf6qivd0', '::1', 1539679209, 0x5f5f63695f6c6173745f726567656e65726174657c693a313533393637393031373b61646d696e5f69647c733a313a2231223b61646d696e5f656d61696c7c733a32303a2261646d696e40637564697472616465722e636f6d223b61646d696e5f726f6c657c733a353a225375706572223b61646d696e5f696e697469616c7c733a313a2241223b61646d696e5f6e616d657c733a31303a2241646d696e2044656d6f223b6964656e746974797c733a31303a226f6c75407365672e756e223b656d61696c7c733a31303a226f6c75407365672e756e223b757365725f69647c733a313a2232223b6f6c645f6c6173745f6c6f67696e7c733a31303a2231353339363535393132223b6c6173745f636865636b7c693a313533393636383336323b),
('e2svp87kl8jl32abneb9q97f1sh4mgdi', '::1', 1539679790, 0x5f5f63695f6c6173745f726567656e65726174657c693a313533393637393731333b61646d696e5f69647c733a313a2231223b61646d696e5f656d61696c7c733a32303a2261646d696e40637564697472616465722e636f6d223b61646d696e5f726f6c657c733a353a225375706572223b61646d696e5f696e697469616c7c733a313a2241223b61646d696e5f6e616d657c733a31303a2241646d696e2044656d6f223b6964656e746974797c733a31303a226f6c75407365672e756e223b656d61696c7c733a31303a226f6c75407365672e756e223b757365725f69647c733a313a2232223b6f6c645f6c6173745f6c6f67696e7c733a31303a2231353339363535393132223b6c6173745f636865636b7c693a313533393636383336323b),
('5pid3uivf0lf0s44if67litu88g58hsb', '::1', 1539679718, 0x5f5f63695f6c6173745f726567656e65726174657c693a313533393637393731383b),
('em32c2v8u89qne49fsj7khg3mkqr07is', '::1', 1539679772, 0x5f5f63695f6c6173745f726567656e65726174657c693a313533393637393737323b),
('6766t155otdnh7h688uuqlgir04t5a91', '::1', 1539679790, 0x5f5f63695f6c6173745f726567656e65726174657c693a313533393637393739303b),
('j3ii9jk0hshdst3ln3sq7515d0hu4got', '::1', 1539680068, 0x5f5f63695f6c6173745f726567656e65726174657c693a313533393638303036383b),
('lo40r71p2g9qdm1lulplirh1idjv1h75', '::1', 1539680363, 0x5f5f63695f6c6173745f726567656e65726174657c693a313533393638303036373b61646d696e5f69647c733a313a2231223b61646d696e5f656d61696c7c733a32303a2261646d696e40637564697472616465722e636f6d223b61646d696e5f726f6c657c733a353a225375706572223b61646d696e5f696e697469616c7c733a313a2241223b61646d696e5f6e616d657c733a31303a2241646d696e2044656d6f223b6964656e746974797c733a31303a226f6c75407365672e756e223b656d61696c7c733a31303a226f6c75407365672e756e223b757365725f69647c733a313a2232223b6f6c645f6c6173745f6c6f67696e7c733a31303a2231353339363535393132223b6c6173745f636865636b7c693a313533393636383336323b),
('pet81tfjfasne9clrqii9t9t0770efjh', '::1', 1539680076, 0x5f5f63695f6c6173745f726567656e65726174657c693a313533393638303037363b),
('i91dc7gr35gd1c7au11hbpqpkhs6s3pu', '::1', 1539680090, 0x5f5f63695f6c6173745f726567656e65726174657c693a313533393638303039303b),
('oe5j3ah1h7g4v40cefo7kvaqfmg86ss8', '::1', 1539680120, 0x5f5f63695f6c6173745f726567656e65726174657c693a313533393638303132303b),
('2kq5e531o1emkf1i5sqid4i5jn1i7hpn', '::1', 1539680480, 0x5f5f63695f6c6173745f726567656e65726174657c693a313533393638303337333b61646d696e5f69647c733a313a2231223b61646d696e5f656d61696c7c733a32303a2261646d696e40637564697472616465722e636f6d223b61646d696e5f726f6c657c733a353a225375706572223b61646d696e5f696e697469616c7c733a313a2241223b61646d696e5f6e616d657c733a31303a2241646d696e2044656d6f223b6964656e746974797c733a31303a226f6c75407365672e756e223b656d61696c7c733a31303a226f6c75407365672e756e223b757365725f69647c733a313a2232223b6f6c645f6c6173745f6c6f67696e7c733a31303a2231353339363535393132223b6c6173745f636865636b7c693a313533393636383336323b),
('4r24a3dk2a516q3r5rim7lnnkas6926u', '::1', 1539691302, 0x5f5f63695f6c6173745f726567656e65726174657c693a313533393639313330303b),
('8vf2pdh23m01gaeepv9od9ss7dovmq6l', '::1', 1539691318, 0x5f5f63695f6c6173745f726567656e65726174657c693a313533393639313331303b6964656e746974797c733a31303a226f6c75407365672e756e223b656d61696c7c733a31303a226f6c75407365672e756e223b757365725f69647c733a313a2232223b6f6c645f6c6173745f6c6f67696e7c733a31303a2231353339363638333632223b6c6173745f636865636b7c693a313533393639313331303b),
('f0bpb5boh7eaitpvlio2rl0si9u9bse3', '::1', 1539692289, 0x5f5f63695f6c6173745f726567656e65726174657c693a313533393639313936383b6964656e746974797c733a31303a226f6c75407365672e756e223b656d61696c7c733a31303a226f6c75407365672e756e223b757365725f69647c733a313a2232223b6f6c645f6c6173745f6c6f67696e7c733a31303a2231353339363638333632223b6c6173745f636865636b7c693a313533393639313331303b),
('eciors6ptcq4b7ikalr0gne3elocnqeb', '::1', 1539692770, 0x5f5f63695f6c6173745f726567656e65726174657c693a313533393639323439363b6964656e746974797c733a31303a226f6c75407365672e756e223b656d61696c7c733a31303a226f6c75407365672e756e223b757365725f69647c733a313a2232223b6f6c645f6c6173745f6c6f67696e7c733a31303a2231353339363638333632223b6c6173745f636865636b7c693a313533393639313331303b),
('mupr1n4sg15jgvgdhbgiddkb319n4kqn', '::1', 1539693058, 0x5f5f63695f6c6173745f726567656e65726174657c693a313533393639323834313b6964656e746974797c733a31303a226f6c75407365672e756e223b656d61696c7c733a31303a226f6c75407365672e756e223b757365725f69647c733a313a2232223b6f6c645f6c6173745f6c6f67696e7c733a31303a2231353339363638333632223b6c6173745f636865636b7c693a313533393639313331303b),
('d36ihtaskvccsbf2g44ur7qc1uudq9g1', '::1', 1539703549, 0x5f5f63695f6c6173745f726567656e65726174657c693a313533393730333534353b),
('sscsstlinihmkdsaaqop5p11ai65og71', '::1', 1539706187, 0x5f5f63695f6c6173745f726567656e65726174657c693a313533393730333535363b6964656e746974797c733a31303a226f6c75407365672e756e223b656d61696c7c733a31303a226f6c75407365672e756e223b757365725f69647c733a313a2232223b6f6c645f6c6173745f6c6f67696e7c733a31303a2231353339363931333130223b6c6173745f636865636b7c693a313533393730333535353b),
('6el0e5j2qcqf5k99cb5juut0a5cgfv7v', '::1', 1539706199, 0x5f5f63695f6c6173745f726567656e65726174657c693a313533393730363138373b6964656e746974797c733a31303a226f6c75407365672e756e223b656d61696c7c733a31303a226f6c75407365672e756e223b757365725f69647c733a313a2232223b6f6c645f6c6173745f6c6f67696e7c733a31303a2231353339363931333130223b6c6173745f636865636b7c693a313533393730333535353b),
('j5j39c8ovihvv9benru2pubrrsn7l2os', '::1', 1539742566, 0x5f5f63695f6c6173745f726567656e65726174657c693a313533393734323536343b),
('nubb8oeumvuhjcb6dfnpqednv4m1d4t3', '::1', 1539742607, 0x5f5f63695f6c6173745f726567656e65726174657c693a313533393734323537353b6964656e746974797c733a31303a226f6c75407365672e756e223b656d61696c7c733a31303a226f6c75407365672e756e223b757365725f69647c733a313a2232223b6f6c645f6c6173745f6c6f67696e7c733a31303a2231353339373033353535223b6c6173745f636865636b7c693a313533393734323537343b),
('9sjt0oq30jk40u826k0vjhgkieneq67k', '::1', 1539744370, 0x5f5f63695f6c6173745f726567656e65726174657c693a313533393734333736383b6964656e746974797c733a31303a226f6c75407365672e756e223b656d61696c7c733a31303a226f6c75407365672e756e223b757365725f69647c733a313a2232223b6f6c645f6c6173745f6c6f67696e7c733a31303a2231353339373033353535223b6c6173745f636865636b7c693a313533393734323537343b),
('kbdag3jj3j81c1ejlu0i4lfg8onmabna', '::1', 1539744989, 0x5f5f63695f6c6173745f726567656e65726174657c693a313533393734343338373b6964656e746974797c733a31303a226f6c75407365672e756e223b656d61696c7c733a31303a226f6c75407365672e756e223b757365725f69647c733a313a2232223b6f6c645f6c6173745f6c6f67696e7c733a31303a2231353339373033353535223b6c6173745f636865636b7c693a313533393734323537343b),
('8f99fg9b1p0nid03vmjac6iglkc4srob', '::1', 1539744489, 0x5f5f63695f6c6173745f726567656e65726174657c693a313533393734343438393b),
('b935r6t27olcbls44c8kbfthfn3l13ot', '::1', 1539744547, 0x5f5f63695f6c6173745f726567656e65726174657c693a313533393734343534373b),
('hvrp5ep61v5mu67p8tau5hnh5iomagp8', '::1', 1539744672, 0x5f5f63695f6c6173745f726567656e65726174657c693a313533393734343637323b),
('glaksq8sh4058smktcn7f2ev8mclmcd9', '::1', 1539744841, 0x5f5f63695f6c6173745f726567656e65726174657c693a313533393734343834313b),
('k09mdp56hccme9mv0v1pjtvjod6dqqi8', '::1', 1539744892, 0x5f5f63695f6c6173745f726567656e65726174657c693a313533393734343839323b),
('qdc7gi7a0of37cflpnf9o4fvitnv8jtp', '::1', 1539744989, 0x5f5f63695f6c6173745f726567656e65726174657c693a313533393734343938393b),
('9g0k8n598ddsg5a8e70ko5egr32oa7sd', '::1', 1539745791, 0x5f5f63695f6c6173745f726567656e65726174657c693a313533393734353036343b6964656e746974797c733a31303a226f6c75407365672e756e223b656d61696c7c733a31303a226f6c75407365672e756e223b757365725f69647c733a313a2232223b6f6c645f6c6173745f6c6f67696e7c733a31303a2231353339373033353535223b6c6173745f636865636b7c693a313533393734323537343b),
('eq4ppcioijv9kcfeie40v07q69vv75pb', '::1', 1539745095, 0x5f5f63695f6c6173745f726567656e65726174657c693a313533393734353039353b),
('bh8savtobuu70vkn6e8o2mhjjno5v41r', '::1', 1539745254, 0x5f5f63695f6c6173745f726567656e65726174657c693a313533393734353235343b),
('mfmscsl6pke77skvnkt5ev7td8fu94go', '::1', 1539745305, 0x5f5f63695f6c6173745f726567656e65726174657c693a313533393734353330343b),
('usjvbeuakm2rrib1k58qttmfkhuc6raa', '::1', 1539745414, 0x5f5f63695f6c6173745f726567656e65726174657c693a313533393734353431343b),
('2ag493e8n473rs0n9qd3auskf3pfohgf', '::1', 1539745442, 0x5f5f63695f6c6173745f726567656e65726174657c693a313533393734353434323b),
('l10us4q4i5r5jm2olgcndgn9rsmrvd40', '::1', 1539745502, 0x5f5f63695f6c6173745f726567656e65726174657c693a313533393734353530323b),
('fq1voqi8pe9bvt3dn4jcsi078dln9qel', '::1', 1539745545, 0x5f5f63695f6c6173745f726567656e65726174657c693a313533393734353534353b),
('uj2f67it6k2pp2anefk88nkbdcbe91rr', '::1', 1539745580, 0x5f5f63695f6c6173745f726567656e65726174657c693a313533393734353538303b),
('49vhpeqe438t17337g8rq8qdnojopnl9', '::1', 1539745913, 0x5f5f63695f6c6173745f726567656e65726174657c693a313533393734353834353b6964656e746974797c733a31303a226f6c75407365672e756e223b656d61696c7c733a31303a226f6c75407365672e756e223b757365725f69647c733a313a2232223b6f6c645f6c6173745f6c6f67696e7c733a31303a2231353339373033353535223b6c6173745f636865636b7c693a313533393734323537343b61646d696e5f69647c733a313a2231223b61646d696e5f656d61696c7c733a32303a2261646d696e40637564697472616465722e636f6d223b61646d696e5f726f6c657c733a353a225375706572223b61646d696e5f696e697469616c7c733a313a2241223b61646d696e5f6e616d657c733a31303a2241646d696e2044656d6f223b),
('70ntctkg2rbg9odrm1cpvlojs85t3f43', '::1', 1539745873, 0x5f5f63695f6c6173745f726567656e65726174657c693a313533393734353837333b),
('70ihm64jn77m5rbjsgdc6ogr19s3tiat', '::1', 1539749182, 0x5f5f63695f6c6173745f726567656e65726174657c693a313533393734363232393b6964656e746974797c733a31303a226f6c75407365672e756e223b656d61696c7c733a31303a226f6c75407365672e756e223b757365725f69647c733a313a2232223b6f6c645f6c6173745f6c6f67696e7c733a31303a2231353339373033353535223b6c6173745f636865636b7c693a313533393734323537343b61646d696e5f69647c733a313a2231223b61646d696e5f656d61696c7c733a32303a2261646d696e40637564697472616465722e636f6d223b61646d696e5f726f6c657c733a353a225375706572223b61646d696e5f696e697469616c7c733a313a2241223b61646d696e5f6e616d657c733a31303a2241646d696e2044656d6f223b),
('icv0dh389k15a90jeu31dpin6ca26n8g', '::1', 1539759363, 0x5f5f63695f6c6173745f726567656e65726174657c693a313533393735393037323b61646d696e5f69647c733a313a2231223b61646d696e5f656d61696c7c733a32303a2261646d696e40637564697472616465722e636f6d223b61646d696e5f726f6c657c733a353a225375706572223b61646d696e5f696e697469616c7c733a313a2241223b61646d696e5f6e616d657c733a31303a2241646d696e2044656d6f223b),
('vjv21oqgebo48m5620lndilfin2frutc', '::1', 1539760730, 0x5f5f63695f6c6173745f726567656e65726174657c693a313533393735393431323b61646d696e5f69647c733a313a2231223b61646d696e5f656d61696c7c733a32303a2261646d696e40637564697472616465722e636f6d223b61646d696e5f726f6c657c733a353a225375706572223b61646d696e5f696e697469616c7c733a313a2241223b61646d696e5f6e616d657c733a31303a2241646d696e2044656d6f223b),
('2fflsemohltcdlhja88ttqspnmrhdb04', '::1', 1539762041, 0x5f5f63695f6c6173745f726567656e65726174657c693a313533393736303733333b61646d696e5f69647c733a313a2231223b61646d696e5f656d61696c7c733a32303a2261646d696e40637564697472616465722e636f6d223b61646d696e5f726f6c657c733a353a225375706572223b61646d696e5f696e697469616c7c733a313a2241223b61646d696e5f6e616d657c733a31303a2241646d696e2044656d6f223b),
('a8r00rmgt93gei5t0cmtho6j390jm03u', '::1', 1539762124, 0x5f5f63695f6c6173745f726567656e65726174657c693a313533393736323034323b61646d696e5f69647c733a313a2231223b61646d696e5f656d61696c7c733a32303a2261646d696e40637564697472616465722e636f6d223b61646d696e5f726f6c657c733a353a225375706572223b61646d696e5f696e697469616c7c733a313a2241223b61646d696e5f6e616d657c733a31303a2241646d696e2044656d6f223b),
('08lqhankh4f2e9nb372kaf4n4hgij2o9', '::1', 1539762521, 0x5f5f63695f6c6173745f726567656e65726174657c693a313533393736323334363b61646d696e5f69647c733a313a2231223b61646d696e5f656d61696c7c733a32303a2261646d696e40637564697472616465722e636f6d223b61646d696e5f726f6c657c733a353a225375706572223b61646d696e5f696e697469616c7c733a313a2241223b61646d696e5f6e616d657c733a31303a2241646d696e2044656d6f223b),
('mi98q2h84n2em9t5hqevll2v0eq18mrc', '::1', 1539763092, 0x5f5f63695f6c6173745f726567656e65726174657c693a313533393736333037373b61646d696e5f69647c733a313a2231223b61646d696e5f656d61696c7c733a32303a2261646d696e40637564697472616465722e636f6d223b61646d696e5f726f6c657c733a353a225375706572223b61646d696e5f696e697469616c7c733a313a2241223b61646d696e5f6e616d657c733a31303a2241646d696e2044656d6f223b),
('ti2atacfgadbsfi2n33341hfdo6km1f8', '::1', 1539764162, 0x5f5f63695f6c6173745f726567656e65726174657c693a313533393736333638313b61646d696e5f69647c733a313a2231223b61646d696e5f656d61696c7c733a32303a2261646d696e40637564697472616465722e636f6d223b61646d696e5f726f6c657c733a353a225375706572223b61646d696e5f696e697469616c7c733a313a2241223b61646d696e5f6e616d657c733a31303a2241646d696e2044656d6f223b),
('j5il6fde7pqb6830ung21uv30pf0l0v2', '::1', 1539764810, 0x5f5f63695f6c6173745f726567656e65726174657c693a313533393736343536333b61646d696e5f69647c733a313a2231223b61646d696e5f656d61696c7c733a32303a2261646d696e40637564697472616465722e636f6d223b61646d696e5f726f6c657c733a353a225375706572223b61646d696e5f696e697469616c7c733a313a2241223b61646d696e5f6e616d657c733a31303a2241646d696e2044656d6f223b),
('7dom0ckam0v6oj7kma995nk47iig6brs', '::1', 1539764985, 0x5f5f63695f6c6173745f726567656e65726174657c693a313533393736343935373b61646d696e5f69647c733a313a2231223b61646d696e5f656d61696c7c733a32303a2261646d696e40637564697472616465722e636f6d223b61646d696e5f726f6c657c733a353a225375706572223b61646d696e5f696e697469616c7c733a313a2241223b61646d696e5f6e616d657c733a31303a2241646d696e2044656d6f223b),
('7oa1ocu8l027fluig71ajn1kbs6kjjvi', '::1', 1539767445, 0x5f5f63695f6c6173745f726567656e65726174657c693a313533393736353633363b61646d696e5f69647c733a313a2231223b61646d696e5f656d61696c7c733a32303a2261646d696e40637564697472616465722e636f6d223b61646d696e5f726f6c657c733a353a225375706572223b61646d696e5f696e697469616c7c733a313a2241223b61646d696e5f6e616d657c733a31303a2241646d696e2044656d6f223b),
('9scr3vbd8nvhstf6i3obpnc5488ommp8', '::1', 1539767451, 0x5f5f63695f6c6173745f726567656e65726174657c693a313533393736373435303b61646d696e5f69647c733a313a2231223b61646d696e5f656d61696c7c733a32303a2261646d696e40637564697472616465722e636f6d223b61646d696e5f726f6c657c733a353a225375706572223b61646d696e5f696e697469616c7c733a313a2241223b61646d696e5f6e616d657c733a31303a2241646d696e2044656d6f223b),
('ngmg3ea03vv5cfemjibmui82o8iefgsc', '::1', 1539768569, 0x5f5f63695f6c6173745f726567656e65726174657c693a313533393736383535303b61646d696e5f69647c733a313a2231223b61646d696e5f656d61696c7c733a32303a2261646d696e40637564697472616465722e636f6d223b61646d696e5f726f6c657c733a353a225375706572223b61646d696e5f696e697469616c7c733a313a2241223b61646d696e5f6e616d657c733a31303a2241646d696e2044656d6f223b),
('ci3f4117peb2s0ba2u45e7p1tcct7jv3', '::1', 1539768973, 0x5f5f63695f6c6173745f726567656e65726174657c693a313533393736383537353b61646d696e5f69647c733a313a2231223b61646d696e5f656d61696c7c733a32303a2261646d696e40637564697472616465722e636f6d223b61646d696e5f726f6c657c733a353a225375706572223b61646d696e5f696e697469616c7c733a313a2241223b61646d696e5f6e616d657c733a31303a2241646d696e2044656d6f223b6964656e746974797c733a31303a226f6c75407365672e756e223b656d61696c7c733a31303a226f6c75407365672e756e223b757365725f69647c733a313a2232223b6f6c645f6c6173745f6c6f67696e7c733a31303a2231353339373432353734223b6c6173745f636865636b7c693a313533393736383537343b);

-- --------------------------------------------------------

--
-- Table structure for table `eventlog`
--

CREATE TABLE IF NOT EXISTS `eventlog` (
  `id` bigint(20) unsigned NOT NULL AUTO_INCREMENT,
  `event` varchar(200) NOT NULL,
  `eventRowIdOrRef` varchar(20) DEFAULT NULL,
  `eventDesc` text,
  `eventTable` varchar(20) DEFAULT NULL,
  `staffInCharge` bigint(20) unsigned NOT NULL,
  `eventTime` timestamp NOT NULL DEFAULT CURRENT_TIMESTAMP ON UPDATE CURRENT_TIMESTAMP,
  PRIMARY KEY (`id`)
) ENGINE=InnoDB DEFAULT CHARSET=latin1 AUTO_INCREMENT=1 ;

-- --------------------------------------------------------

--
-- Table structure for table `groups`
--

CREATE TABLE IF NOT EXISTS `groups` (
  `id` mediumint(8) unsigned NOT NULL AUTO_INCREMENT,
  `name` varchar(20) NOT NULL,
  `description` varchar(100) NOT NULL,
  PRIMARY KEY (`id`)
) ENGINE=InnoDB  DEFAULT CHARSET=utf8 AUTO_INCREMENT=3 ;

--
-- Dumping data for table `groups`
--

INSERT INTO `groups` (`id`, `name`, `description`) VALUES
(1, 'admin', 'Administrator'),
(2, 'members', 'General User');

-- --------------------------------------------------------

--
-- Table structure for table `items`
--

CREATE TABLE IF NOT EXISTS `items` (
  `id` bigint(20) unsigned NOT NULL AUTO_INCREMENT,
  `name` varchar(50) NOT NULL,
  `code` varchar(10) NOT NULL,
  `description` text,
  `unitPrice` decimal(10,2) NOT NULL,
  `quantity` int(6) NOT NULL,
  `dateAdded` datetime NOT NULL,
  `lastUpdated` timestamp NOT NULL DEFAULT CURRENT_TIMESTAMP ON UPDATE CURRENT_TIMESTAMP,
  PRIMARY KEY (`id`),
  UNIQUE KEY `name` (`name`),
  UNIQUE KEY `code` (`code`)
) ENGINE=InnoDB DEFAULT CHARSET=latin1 AUTO_INCREMENT=1 ;

-- --------------------------------------------------------

--
-- Table structure for table `loans`
--

CREATE TABLE IF NOT EXISTS `loans` (
  `id` int(11) NOT NULL AUTO_INCREMENT,
  `user_id` int(11) NOT NULL,
  `loan_amount` float NOT NULL,
  `loan_unit_id` int(11) NOT NULL,
  `collateral_amount` float NOT NULL,
  `collateral_unit_id` int(11) NOT NULL,
  `loan_duration` int(11) NOT NULL COMMENT 'Months',
  `requested_on` datetime DEFAULT NULL,
  `approved_by_id` int(11) DEFAULT NULL,
  `approved_on` datetime DEFAULT NULL,
  `granted_by_id` int(11) DEFAULT NULL,
  `granted_on` datetime DEFAULT NULL,
  `cleared_by_id` int(11) DEFAULT NULL COMMENT 'Id of admin who determines that loan has been repayed',
  `cleared_on` datetime DEFAULT NULL,
  `status_number` int(1) NOT NULL DEFAULT '0',
  PRIMARY KEY (`id`)
) ENGINE=InnoDB  DEFAULT CHARSET=latin1 AUTO_INCREMENT=9 ;

--
-- Dumping data for table `loans`
--

INSERT INTO `loans` (`id`, `user_id`, `loan_amount`, `loan_unit_id`, `collateral_amount`, `collateral_unit_id`, `loan_duration`, `requested_on`, `approved_by_id`, `approved_on`, `granted_by_id`, `granted_on`, `cleared_by_id`, `cleared_on`, `status_number`) VALUES
(1, 2, 100000, 1, 0.2, 1, 12, '2018-09-05 00:00:00', 1, '2018-09-19 14:23:25', NULL, NULL, 1, '2018-09-19 15:07:01', 4),
(2, 2, 100000, 1, 0.03, 2, 4, '2018-09-06 16:55:09', 1, '2018-09-18 08:29:44', NULL, NULL, NULL, NULL, 5),
(3, 2, 200000, 1, 0.03, 1, 4, '2018-09-18 08:32:43', 1, '2018-09-25 13:16:58', 1, '2018-10-02 20:51:24', 1, '2018-09-18 14:46:43', 3),
(4, 2, 10000, 1, 0.2, 2, 10, '2018-09-18 11:55:25', 1, '2018-09-20 13:48:15', NULL, NULL, NULL, NULL, 10),
(5, 4, 20000, 1, 0.4, 1, 6, '2018-09-18 15:02:17', 1, '2018-09-19 15:07:35', 1, '2018-09-25 12:54:37', 1, '2018-09-18 15:07:57', 3),
(6, 2, 250000, 1, 0.2, 2, 2, '2018-10-02 21:24:05', NULL, '2018-10-09 19:38:50', NULL, NULL, NULL, NULL, 5),
(7, 2, 43000, 1, 0.00004, 2, 2, '2018-10-09 19:39:13', 1, '2018-10-09 20:06:57', 1, '2018-10-09 20:07:03', NULL, NULL, 3),
(8, 2, 6000, 1, 0.00310238, 2, 2, '2018-10-17 04:11:27', NULL, NULL, NULL, NULL, NULL, NULL, 1);

-- --------------------------------------------------------

--
-- Table structure for table `loans_managers`
--

CREATE TABLE IF NOT EXISTS `loans_managers` (
  `id` int(11) NOT NULL AUTO_INCREMENT,
  `loan_id` int(11) NOT NULL,
  `admin_id` int(11) NOT NULL,
  `assigned_on` datetime NOT NULL,
  `assigned_by_id` int(11) NOT NULL,
  PRIMARY KEY (`id`)
) ENGINE=InnoDB DEFAULT CHARSET=latin1 AUTO_INCREMENT=1 ;

-- --------------------------------------------------------

--
-- Table structure for table `loan_status`
--

CREATE TABLE IF NOT EXISTS `loan_status` (
  `id` int(11) NOT NULL AUTO_INCREMENT,
  `status_number` int(11) NOT NULL,
  `status` varchar(25) NOT NULL,
  `details` varchar(128) NOT NULL COMMENT 'details of status',
  PRIMARY KEY (`id`)
) ENGINE=InnoDB  DEFAULT CHARSET=latin1 AUTO_INCREMENT=7 ;

--
-- Dumping data for table `loan_status`
--

INSERT INTO `loan_status` (`id`, `status_number`, `status`, `details`) VALUES
(1, 1, 'PENDING', 'Loan request is awaiting admin approval'),
(2, 2, 'APPROVED', 'Loan request has been approved: user must transfer crypto now for request to be granted'),
(3, 3, 'GRANTED', 'Loan request has been granted: admin has sent money to user'),
(4, 4, 'CLEARED', 'Loan has been repayed'),
(5, 5, 'CANCELLED', 'Request cancelled by user'),
(6, 10, 'DENIED', 'loan request has been denied');

-- --------------------------------------------------------

--
-- Table structure for table `loan_tenors`
--

CREATE TABLE IF NOT EXISTS `loan_tenors` (
  `id` int(11) NOT NULL AUTO_INCREMENT,
  `tenor` int(11) NOT NULL COMMENT 'in months',
  `display` varchar(25) NOT NULL,
  PRIMARY KEY (`id`)
) ENGINE=InnoDB  DEFAULT CHARSET=latin1 AUTO_INCREMENT=6 ;

--
-- Dumping data for table `loan_tenors`
--

INSERT INTO `loan_tenors` (`id`, `tenor`, `display`) VALUES
(1, 1, '1 month'),
(2, 2, '2 months'),
(3, 3, 'a quarter'),
(5, 24, 'Two years');

-- --------------------------------------------------------

--
-- Table structure for table `loan_units`
--

CREATE TABLE IF NOT EXISTS `loan_units` (
  `id` int(11) NOT NULL AUTO_INCREMENT,
  `name` varchar(25) NOT NULL,
  `logo` varchar(128) NOT NULL COMMENT 'HTML character number',
  `dollar_exchange_rate` double NOT NULL DEFAULT '0' COMMENT 'per dollar',
  `api_url` varchar(255) NOT NULL COMMENT 'for the [near] future',
  PRIMARY KEY (`id`)
) ENGINE=InnoDB  DEFAULT CHARSET=latin1 COMMENT='I may need to merge with collateral_units to form units' AUTO_INCREMENT=6 ;

--
-- Dumping data for table `loan_units`
--

INSERT INTO `loan_units` (`id`, `name`, `logo`, `dollar_exchange_rate`, `api_url`) VALUES
(1, 'Naira', '&amp;#x20A6;', 363, '');

-- --------------------------------------------------------

--
-- Table structure for table `login_attempts`
--

CREATE TABLE IF NOT EXISTS `login_attempts` (
  `id` int(11) unsigned NOT NULL AUTO_INCREMENT,
  `ip_address` varchar(45) NOT NULL,
  `login` varchar(100) NOT NULL,
  `time` int(11) unsigned DEFAULT NULL,
  PRIMARY KEY (`id`)
) ENGINE=InnoDB DEFAULT CHARSET=utf8 AUTO_INCREMENT=1 ;

-- --------------------------------------------------------

--
-- Table structure for table `settings`
--

CREATE TABLE IF NOT EXISTS `settings` (
  `id` int(11) NOT NULL AUTO_INCREMENT,
  `setting` varchar(25) NOT NULL,
  `value` varchar(25) NOT NULL,
  `description` varchar(25) NOT NULL,
  PRIMARY KEY (`id`)
) ENGINE=InnoDB  DEFAULT CHARSET=latin1 AUTO_INCREMENT=7 ;

--
-- Dumping data for table `settings`
--

INSERT INTO `settings` (`id`, `setting`, `value`, `description`) VALUES
(1, 'phone', '0815 245 7369', ''),
(2, 'dollar_to_naira', '356', ''),
(3, 'bitcoin_to_dollar', '6664.36', ''),
(4, 'ethereum_to_dollar', '209.91', ''),
(5, 'bitcoin_markup', '25', ''),
(6, 'ethereum_markup', '25', '');

-- --------------------------------------------------------

--
-- Table structure for table `transactions`
--

CREATE TABLE IF NOT EXISTS `transactions` (
  `transId` bigint(20) unsigned NOT NULL AUTO_INCREMENT,
  `ref` varchar(10) NOT NULL,
  `itemName` varchar(50) NOT NULL,
  `itemCode` varchar(50) NOT NULL,
  `description` text,
  `quantity` int(6) NOT NULL,
  `unitPrice` decimal(10,2) NOT NULL,
  `totalPrice` decimal(10,2) NOT NULL,
  `totalMoneySpent` decimal(10,2) NOT NULL,
  `amountTendered` decimal(10,2) NOT NULL,
  `discount_amount` decimal(10,2) NOT NULL,
  `discount_percentage` decimal(10,2) NOT NULL,
  `vatPercentage` decimal(10,2) NOT NULL,
  `vatAmount` decimal(10,2) NOT NULL,
  `changeDue` decimal(10,2) NOT NULL,
  `modeOfPayment` varchar(20) NOT NULL,
  `cust_name` varchar(20) DEFAULT NULL,
  `cust_phone` varchar(15) DEFAULT NULL,
  `cust_email` varchar(50) DEFAULT NULL,
  `transType` char(1) NOT NULL,
  `staffId` bigint(20) unsigned NOT NULL,
  `transDate` datetime NOT NULL,
  `lastUpdated` timestamp NOT NULL DEFAULT CURRENT_TIMESTAMP ON UPDATE CURRENT_TIMESTAMP,
  `cancelled` char(1) NOT NULL DEFAULT '0',
  PRIMARY KEY (`transId`)
) ENGINE=InnoDB DEFAULT CHARSET=latin1 AUTO_INCREMENT=1 ;

-- --------------------------------------------------------

--
-- Table structure for table `users`
--

CREATE TABLE IF NOT EXISTS `users` (
  `id` int(11) unsigned NOT NULL AUTO_INCREMENT,
  `ip_address` varchar(45) NOT NULL,
  `username` varchar(100) DEFAULT NULL,
  `password` varchar(255) NOT NULL,
  `salt` varchar(255) DEFAULT NULL,
  `email` varchar(254) NOT NULL,
  `activation_code` varchar(40) DEFAULT NULL,
  `forgotten_password_code` varchar(40) DEFAULT NULL,
  `forgotten_password_time` int(11) unsigned DEFAULT NULL,
  `remember_code` varchar(40) DEFAULT NULL,
  `created_on` int(11) unsigned NOT NULL,
  `last_login` int(11) unsigned DEFAULT NULL,
  `active` tinyint(1) unsigned DEFAULT NULL,
  `first_name` varchar(50) DEFAULT NULL,
  `last_name` varchar(50) DEFAULT NULL,
  `company` varchar(100) DEFAULT NULL,
  `phone` varchar(20) DEFAULT NULL,
  `address` varchar(200) NOT NULL,
  `deleted` tinyint(1) NOT NULL DEFAULT '0',
  PRIMARY KEY (`id`)
) ENGINE=InnoDB  DEFAULT CHARSET=utf8 AUTO_INCREMENT=9 ;

--
-- Dumping data for table `users`
--

INSERT INTO `users` (`id`, `ip_address`, `username`, `password`, `salt`, `email`, `activation_code`, `forgotten_password_code`, `forgotten_password_time`, `remember_code`, `created_on`, `last_login`, `active`, `first_name`, `last_name`, `company`, `phone`, `address`, `deleted`) VALUES
(1, '127.0.0.1', 'administrator', '$2a$07$SeBknntpZror9uyftVopmu61qg0ms8Qv1yV6FG.kQOSM.9QhmTo36', '', 'admin@admin.com', '', NULL, NULL, 'nCkZ0OhwUc/Z1PgGi6Zd3u', 1268889823, 1538249481, 0, 'Admin', 'istrator', 'ADMIN', '08123456987', 'Lives in Office', 0),
(2, '::1', 'olusegun', '$2y$08$bJxfBbtSjajXEVAKfa8DHOzaX2teUGWMrDwQrfty0ssL.OjCFkWJG', NULL, 'olu@seg.un', NULL, NULL, NULL, '/pbBOGFH2QZD65NYbmrHRu', 1534420122, 1539768574, 1, 'OluSegun', NULL, NULL, '08169993851', 'House 10, Road 75 close, Ile-Adura, Ileh-Adura', 0),
(3, '::1', 'Ade', '$2y$08$hzpyDQJtSwkWuYQ6RQOtEO76uoVf18tpLkf86lWLxb8dkKTNvNtxC', NULL, 'ade@bade.com', NULL, NULL, NULL, 'JrR3h/VS9.O8RBUdpw/SyO', 1536826347, 1536855112, 1, 'Ade', 'Bade', NULL, NULL, '', 0),
(4, '::1', 'afaleti', '$2y$08$MyJboEXv74UIY.N362Jle.67y5LGxMvg4X/WSj/6DFKVOsrpqoJEC', NULL, 'afaleti@gmail.com', NULL, NULL, NULL, 'Db1U0T99Dc1HlUJ31Sc8AO', 1536855881, 1538375262, 0, 'Adebayo', 'Faleti', NULL, '08093334444', 'Number 7, Agbara-Isegun Avenue, Iwo, Osun State', 0),
(5, '::1', 'fademola', '$2y$08$TqGLofMcJ9Q5pizyfV3A/eJJygdfSIG8hdDf5TWRgCOrzSco0bXSC', NULL, 'fademola@gmail.com', NULL, NULL, NULL, NULL, 1536856087, 1536856807, 1, 'Ademola', 'Fadare', NULL, NULL, '', 0),
(6, '::1', 'ade_dayo', '$2y$08$Kzqm0/lZhYe1T2l9ixEmj.wU7rdnFQiX1TAr78wkw1uinIJ3r5/dS', NULL, 'ade_dayo@gmail.com', NULL, NULL, NULL, NULL, 1536931544, 1536938028, 1, 'Ademola', 'Fadayo', NULL, NULL, '', 0),
(7, '::1', 'ojosamuelolusegun@gmail.com', '$2y$08$LBFzKOOudBWepqnqzT7ljOOGSud9wwGCelzOQmsBmz2Ej2UmNfovK', NULL, 'ojosamuelolusegun@gmail.com', NULL, NULL, NULL, NULL, 1538385254, NULL, 1, 'Olusegun', 'Ojo', NULL, '08169993851', 'My house in Ibadan', 0),
(8, '::1', 'olusegunnigeria@ymail.com', '$2y$08$s.EBMrrHMSPCMRZ.JoDmjOmJXGPPdMMFagq7KJBv/VO/blXqbYn9u', NULL, 'olusegunnigeria@ymail.com', NULL, NULL, NULL, 'XqqzsbPTi.FKfXzMZ83RY.', 1538385436, 1538386455, 1, 'Olusegun', 'Ojo', NULL, '08169993851', 'My house in Ibadan', 0);

-- --------------------------------------------------------

--
-- Table structure for table `users_groups`
--

CREATE TABLE IF NOT EXISTS `users_groups` (
  `id` int(11) unsigned NOT NULL AUTO_INCREMENT,
  `user_id` int(11) unsigned NOT NULL,
  `group_id` mediumint(8) unsigned NOT NULL,
  PRIMARY KEY (`id`),
  UNIQUE KEY `uc_users_groups` (`user_id`,`group_id`),
  KEY `fk_users_groups_users1_idx` (`user_id`),
  KEY `fk_users_groups_groups1_idx` (`group_id`)
) ENGINE=InnoDB  DEFAULT CHARSET=utf8 AUTO_INCREMENT=10 ;

--
-- Dumping data for table `users_groups`
--

INSERT INTO `users_groups` (`id`, `user_id`, `group_id`) VALUES
(1, 1, 1),
(2, 1, 2),
(3, 2, 2),
(4, 3, 2),
(5, 4, 2),
(6, 5, 2),
(7, 6, 2),
(8, 7, 2),
(9, 8, 2);

-- --------------------------------------------------------

--
-- Table structure for table `user_profile`
--

CREATE TABLE IF NOT EXISTS `user_profile` (
  `id` int(11) NOT NULL AUTO_INCREMENT,
  `picture` varchar(255) NOT NULL,
  `user_id` int(11) NOT NULL,
  PRIMARY KEY (`id`)
) ENGINE=InnoDB  DEFAULT CHARSET=latin1 AUTO_INCREMENT=9 ;

--
-- Dumping data for table `user_profile`
--

INSERT INTO `user_profile` (`id`, `picture`, `user_id`) VALUES
(1, '2d9cb7ec017a22df2252bbccd848e757.jpg', 1),
(2, 'e6788115a50efbcd7abc357a9ad8cb88.jpg', 2),
(3, '', 3),
(4, '', 4),
(5, '', 5),
(6, '', 6),
(7, '', 7),
(8, '', 8);

-- --------------------------------------------------------

--
-- Table structure for table `x_users`
--

CREATE TABLE IF NOT EXISTS `x_users` (
  `id` int(3) NOT NULL AUTO_INCREMENT,
  `first_name` varchar(25) NOT NULL,
  `last_name` varchar(25) NOT NULL,
  `email` varchar(255) NOT NULL,
  `mobile` varchar(15) NOT NULL,
  `addr` varchar(200) NOT NULL,
  `password` char(60) NOT NULL,
  `created_on` datetime NOT NULL,
  `last_login` datetime NOT NULL,
  `last_seen` datetime NOT NULL,
  `last_edited` timestamp NOT NULL DEFAULT CURRENT_TIMESTAMP ON UPDATE CURRENT_TIMESTAMP,
  `account_status` char(1) NOT NULL DEFAULT '1',
  `deleted` char(1) NOT NULL DEFAULT '0',
  PRIMARY KEY (`id`)
) ENGINE=InnoDB  DEFAULT CHARSET=latin1 COMMENT='Former users. just keeping it' AUTO_INCREMENT=5 ;

--
-- Dumping data for table `x_users`
--

INSERT INTO `x_users` (`id`, `first_name`, `last_name`, `email`, `mobile`, `addr`, `password`, `created_on`, `last_login`, `last_seen`, `last_edited`, `account_status`, `deleted`) VALUES
(1, 'Test', 'Test', 'test@cuditrader.com', '08159934690', '22 sf hjk Fin Lagos ', '$2y$10$xvZEu0oJJA.q2Y59J7BgaOWpe0eckqZ/pxEChrljzF9ioxU8hKPpq', '2017-04-07 17:28:08', '2017-04-07 17:28:08', '2017-04-07 17:28:08', '2018-07-25 13:06:58', '1', '0'),
(2, 'Omo', 'Iya', 'omoiya@cuditrader.com', '08023441223', '', '$2y$10$QmCWHvgoDO8ARO1VSiUegueaCwQcycAkr4WSkA1u4RGCahAef8hN.', '2018-08-09 15:35:48', '0000-00-00 00:00:00', '0000-00-00 00:00:00', '2018-08-09 14:45:51', '1', '0'),
(3, 'Alagbada', 'Ina', 'alagbada@ina.com', '08098765432', '', '$2y$10$P4Q.7sCdn4gakn9ZglHMb.cM257m7zllGIlQC.mOC1FZj50BpD0lu', '2018-08-09 15:46:38', '0000-00-00 00:00:00', '0000-00-00 00:00:00', '2018-08-09 14:46:38', '1', '0'),
(4, 'Wasiu', 'Ayinde', 'wasiu@ayin.de', '08097531246', '', '$2y$10$073RZrHSsZqwC05tLEaehetSS6O9hEi8XNxEPmQiQ6bQPavfo0Rxi', '2018-08-12 17:45:20', '0000-00-00 00:00:00', '0000-00-00 00:00:00', '2018-08-12 16:45:20', '1', '0');

--
-- Constraints for dumped tables
--

--
-- Constraints for table `users_groups`
--
ALTER TABLE `users_groups`
  ADD CONSTRAINT `fk_users_groups_groups1` FOREIGN KEY (`group_id`) REFERENCES `groups` (`id`) ON DELETE CASCADE ON UPDATE NO ACTION,
  ADD CONSTRAINT `fk_users_groups_users1` FOREIGN KEY (`user_id`) REFERENCES `users` (`id`) ON DELETE CASCADE ON UPDATE NO ACTION;

/*!40101 SET CHARACTER_SET_CLIENT=@OLD_CHARACTER_SET_CLIENT */;
/*!40101 SET CHARACTER_SET_RESULTS=@OLD_CHARACTER_SET_RESULTS */;
/*!40101 SET COLLATION_CONNECTION=@OLD_COLLATION_CONNECTION */;
