-- phpMyAdmin SQL Dump
-- version 4.1.14
-- http://www.phpmyadmin.net
--
-- Host: 127.0.0.1
-- Generation Time: Sep 15, 2018 at 12:27 PM
-- Server version: 5.6.17
-- PHP Version: 5.5.12

SET SQL_MODE = "NO_AUTO_VALUE_ON_ZERO";
SET time_zone = "+00:00";


/*!40101 SET @OLD_CHARACTER_SET_CLIENT=@@CHARACTER_SET_CLIENT */;
/*!40101 SET @OLD_CHARACTER_SET_RESULTS=@@CHARACTER_SET_RESULTS */;
/*!40101 SET @OLD_COLLATION_CONNECTION=@@COLLATION_CONNECTION */;
/*!40101 SET NAMES utf8 */;

--
-- Database: `cudi_trader`
--

-- --------------------------------------------------------

--
-- Table structure for table `admin`
--

CREATE TABLE IF NOT EXISTS `admin` (
  `id` int(3) NOT NULL AUTO_INCREMENT,
  `first_name` varchar(25) NOT NULL,
  `last_name` varchar(25) NOT NULL,
  `email` varchar(255) NOT NULL,
  `mobile1` varchar(15) NOT NULL,
  `mobile2` varchar(15) NOT NULL,
  `password` char(60) NOT NULL,
  `role` char(5) NOT NULL,
  `created_on` datetime NOT NULL,
  `last_login` datetime NOT NULL,
  `last_seen` datetime NOT NULL,
  `last_edited` timestamp NOT NULL DEFAULT CURRENT_TIMESTAMP ON UPDATE CURRENT_TIMESTAMP,
  `account_status` char(1) NOT NULL DEFAULT '1',
  `deleted` char(1) NOT NULL DEFAULT '0',
  PRIMARY KEY (`id`),
  UNIQUE KEY `email` (`email`),
  UNIQUE KEY `mobile1` (`mobile1`)
) ENGINE=InnoDB  DEFAULT CHARSET=latin1 AUTO_INCREMENT=4 ;

--
-- Dumping data for table `admin`
--

INSERT INTO `admin` (`id`, `first_name`, `last_name`, `email`, `mobile1`, `mobile2`, `password`, `role`, `created_on`, `last_login`, `last_seen`, `last_edited`, `account_status`, `deleted`) VALUES
(1, 'Admin', 'Demo', 'admin@cuditrader.com', '08021111111', '07032222222', '$2y$10$xvZEu0oJJA.q2Y59J7BgaOWpe0eckqZ/pxEChrljzF9ioxU8hKPpq', 'Super', '2017-01-04 22:19:16', '2018-09-13 17:10:26', '2018-09-13 17:10:05', '2018-09-13 16:10:26', '1', '0'),
(2, 'Ade', 'Baba', 'adebaba@cuditrader.com', '08098765432', '', '$2y$10$fquo/YtPgOHC6dI7u2DEfu/3pxnZqE3RfnWXftx1eCKtVZkC7el2q', 'Basic', '2018-08-09 15:55:43', '0000-00-00 00:00:00', '0000-00-00 00:00:00', '2018-08-09 15:52:04', '1', '0'),
(3, 'Ade', 'Minho', 'ademinho@vir.us', '08012345678', '', '$2y$10$tYZKsRjIa7szHYkgo.lOoO89wbZbBo5mNvR/6e/aB1I1NFdTYYLLm', 'Basic', '2018-08-12 17:40:23', '0000-00-00 00:00:00', '0000-00-00 00:00:00', '2018-08-12 16:40:23', '1', '0');

-- --------------------------------------------------------

--
-- Table structure for table `banks`
--

CREATE TABLE IF NOT EXISTS `banks` (
  `id` int(11) NOT NULL AUTO_INCREMENT,
  `name` varchar(25) NOT NULL,
  `description` varchar(128) NOT NULL,
  PRIMARY KEY (`id`)
) ENGINE=InnoDB  DEFAULT CHARSET=latin1 AUTO_INCREMENT=6 ;

--
-- Dumping data for table `banks`
--

INSERT INTO `banks` (`id`, `name`, `description`) VALUES
(1, 'First Bank', 'we added you first'),
(2, 'Sterling Bank', 'just add this'),
(3, 'Union Bank', 'The Federation'),
(4, 'Guarantea Trust Bank', 'Awesome place! (I think)'),
(5, 'Access Bank', '&gt;&gt;&gt;');

-- --------------------------------------------------------

--
-- Table structure for table `bank_account_types`
--

CREATE TABLE IF NOT EXISTS `bank_account_types` (
  `id` int(11) NOT NULL AUTO_INCREMENT,
  `name` varchar(25) NOT NULL,
  `description` varchar(128) NOT NULL,
  PRIMARY KEY (`id`)
) ENGINE=InnoDB  DEFAULT CHARSET=latin1 AUTO_INCREMENT=3 ;

--
-- Dumping data for table `bank_account_types`
--

INSERT INTO `bank_account_types` (`id`, `name`, `description`) VALUES
(1, 'Current', 'I=P/V'),
(2, 'Savings', 'Save money and receive tiny interest.');

-- --------------------------------------------------------

--
-- Table structure for table `bank_details`
--

CREATE TABLE IF NOT EXISTS `bank_details` (
  `id` int(11) NOT NULL AUTO_INCREMENT,
  `user_id` int(11) NOT NULL,
  `bank_id` int(11) NOT NULL,
  `account_number` varchar(25) NOT NULL,
  `account_name` text NOT NULL,
  `account_type_id` int(11) NOT NULL,
  `is_primary` int(1) NOT NULL DEFAULT '0' COMMENT 'is primary account',
  `description` varchar(128) NOT NULL,
  `added_on` datetime NOT NULL,
  `deleted` tinyint(1) NOT NULL DEFAULT '0',
  PRIMARY KEY (`id`)
) ENGINE=InnoDB  DEFAULT CHARSET=latin1 AUTO_INCREMENT=11 ;

--
-- Dumping data for table `bank_details`
--

INSERT INTO `bank_details` (`id`, `user_id`, `bank_id`, `account_number`, `account_name`, `account_type_id`, `is_primary`, `description`, `added_on`, `deleted`) VALUES
(1, 2, 4, '0023452209', 'Olu Segun', 2, 1, 'My main account', '0000-00-00 00:00:00', 1),
(2, 2, 4, '0153740621', 'Samuel Olusegun Ojo', 2, 0, 'This is my account', '0000-00-00 00:00:00', 0),
(3, 2, 2, '000123454321', 'Olusegun Ojo', 1, 0, 'This is my primary account', '0000-00-00 00:00:00', 0),
(4, 2, 5, '0012394829', 'Olu Segun', 2, 0, 'Descriptive', '0000-00-00 00:00:00', 0),
(5, 2, 3, '012934839', 'Olusegunion', 2, 0, 'My Union Bank Account', '0000-00-00 00:00:00', 0),
(6, 2, 1, '004433344', 'Segun Ojo', 1, 0, 'This is my main account for today', '0000-00-00 00:00:00', 0),
(7, 2, 5, '0122344899', 'Accessible', 2, 0, 'primary o', '0000-00-00 00:00:00', 1),
(8, 2, 1, '0293459392', 'First Ojo', 1, 0, 'Describe it yourself.', '0000-00-00 00:00:00', 0),
(9, 2, 5, '2455666777', '', 1, 0, '', '0000-00-00 00:00:00', 0),
(10, 2, 4, '0392389409', 'Samuel Olusegun Ojo', 2, 0, '', '0000-00-00 00:00:00', 0);

-- --------------------------------------------------------

--
-- Table structure for table `collateral_units`
--

CREATE TABLE IF NOT EXISTS `collateral_units` (
  `id` int(11) NOT NULL AUTO_INCREMENT,
  `name` varchar(25) NOT NULL,
  `logo` varchar(255) NOT NULL COMMENT 'path to the currency logo OR HTML character number',
  PRIMARY KEY (`id`)
) ENGINE=InnoDB  DEFAULT CHARSET=latin1 COMMENT='I may need to merge with loan_units to form units' AUTO_INCREMENT=3 ;

--
-- Dumping data for table `collateral_units`
--

INSERT INTO `collateral_units` (`id`, `name`, `logo`) VALUES
(1, 'Bitcoin', '&amp;#x20BF;'),
(2, 'Ethereum', 'ETH');

-- --------------------------------------------------------

--
-- Table structure for table `cudi_sess`
--

CREATE TABLE IF NOT EXISTS `cudi_sess` (
  `id` varchar(40) NOT NULL,
  `ip_address` varchar(45) NOT NULL,
  `timestamp` int(10) unsigned NOT NULL DEFAULT '0',
  `data` blob NOT NULL
) ENGINE=InnoDB DEFAULT CHARSET=latin1;

--
-- Dumping data for table `cudi_sess`
--

INSERT INTO `cudi_sess` (`id`, `ip_address`, `timestamp`, `data`) VALUES
('79eviokk88n1in6uniloon17hsf0a3qh', '::1', 1536851311, 0x61646d696e5f69647c733a313a2231223b61646d696e5f656d61696c7c733a32303a2261646d696e40637564697472616465722e636f6d223b61646d696e5f726f6c657c733a353a225375706572223b61646d696e5f696e697469616c7c733a313a2241223b61646d696e5f6e616d657c733a31303a2241646d696e2044656d6f223b5f5f63695f6c6173745f726567656e65726174657c693a313533363834353930333b),
('vif2gq6vgvbq60doead1gkm5u25kdj0m', '::1', 1536851346, 0x61646d696e5f69647c733a313a2231223b61646d696e5f656d61696c7c733a32303a2261646d696e40637564697472616465722e636f6d223b61646d696e5f726f6c657c733a353a225375706572223b61646d696e5f696e697469616c7c733a313a2241223b61646d696e5f6e616d657c733a31303a2241646d696e2044656d6f223b5f5f63695f6c6173745f726567656e65726174657c693a313533363835313334343b),
('dlcho1qcse03jquu72nc9q8ft90cm9k0', '::1', 1536852485, 0x61646d696e5f69647c733a313a2231223b61646d696e5f656d61696c7c733a32303a2261646d696e40637564697472616465722e636f6d223b61646d696e5f726f6c657c733a353a225375706572223b61646d696e5f696e697469616c7c733a313a2241223b61646d696e5f6e616d657c733a31303a2241646d696e2044656d6f223b5f5f63695f6c6173745f726567656e65726174657c693a313533363835323230313b),
('gom9n1qogvmf6qgg9v8gjvstonia55uf', '::1', 1536852742, 0x61646d696e5f69647c733a313a2231223b61646d696e5f656d61696c7c733a32303a2261646d696e40637564697472616465722e636f6d223b61646d696e5f726f6c657c733a353a225375706572223b61646d696e5f696e697469616c7c733a313a2241223b61646d696e5f6e616d657c733a31303a2241646d696e2044656d6f223b5f5f63695f6c6173745f726567656e65726174657c693a313533363835323531393b),
('ntkehukev9ueabv9bhmav1raoni7d1co', '::1', 1536854103, 0x61646d696e5f69647c733a313a2231223b61646d696e5f656d61696c7c733a32303a2261646d696e40637564697472616465722e636f6d223b61646d696e5f726f6c657c733a353a225375706572223b61646d696e5f696e697469616c7c733a313a2241223b61646d696e5f6e616d657c733a31303a2241646d696e2044656d6f223b5f5f63695f6c6173745f726567656e65726174657c693a313533363835323933323b),
('gli2ilmkm1qsd9akg715r47lquf1o5ne', '::1', 1536854331, 0x61646d696e5f69647c733a313a2231223b61646d696e5f656d61696c7c733a32303a2261646d696e40637564697472616465722e636f6d223b61646d696e5f726f6c657c733a353a225375706572223b61646d696e5f696e697469616c7c733a313a2241223b61646d696e5f6e616d657c733a31303a2241646d696e2044656d6f223b5f5f63695f6c6173745f726567656e65726174657c693a313533363835343130353b),
('0ilhmeaa4sfktehmskndvfb7usgrcqfb', '::1', 1536854863, 0x61646d696e5f69647c733a313a2231223b61646d696e5f656d61696c7c733a32303a2261646d696e40637564697472616465722e636f6d223b61646d696e5f726f6c657c733a353a225375706572223b61646d696e5f696e697469616c7c733a313a2241223b61646d696e5f6e616d657c733a31303a2241646d696e2044656d6f223b5f5f63695f6c6173745f726567656e65726174657c693a313533363835343535353b),
('svu9e1e12rcg83hprvm4kf11h80c0v8m', '::1', 1536855005, 0x61646d696e5f69647c733a313a2231223b61646d696e5f656d61696c7c733a32303a2261646d696e40637564697472616465722e636f6d223b61646d696e5f726f6c657c733a353a225375706572223b61646d696e5f696e697469616c7c733a313a2241223b61646d696e5f6e616d657c733a31303a2241646d696e2044656d6f223b5f5f63695f6c6173745f726567656e65726174657c693a313533363835343836343b),
('u62n6nfpufjckib9oq3jmmdtish8f4aa', '::1', 1536855008, 0x5f5f63695f6c6173745f726567656e65726174657c693a313533363835353030383b),
('6h792cngvqi95mc694uivqr98hrt386r', '::1', 1536855099, 0x5f5f63695f6c6173745f726567656e65726174657c693a313533363835353039393b),
('o8c4i3g9358s0pj0ej9lr2sejlme59gb', '::1', 1536855112, 0x5f5f63695f6c6173745f726567656e65726174657c693a313533363835353131323b6964656e746974797c733a31323a2261646540626164652e636f6d223b656d61696c7c733a31323a2261646540626164652e636f6d223b757365725f69647c733a313a2233223b6f6c645f6c6173745f6c6f67696e7c733a31303a2231353336383535303038223b6c6173745f636865636b7c693a313533363835353131323b),
('0n20vaqbg2dt8e2pjqdvng46vf0kmb9f', '::1', 1536855744, 0x5f5f63695f6c6173745f726567656e65726174657c693a313533363835353633303b),
('o4gph7movng79ivljeerh7itd4vhv0f2', '::1', 1536855759, 0x5f5f63695f6c6173745f726567656e65726174657c693a313533363835353735393b),
('j1g17f2h5qkcj18ontr5t27l6ik1n4ao', '::1', 1536855898, 0x5f5f63695f6c6173745f726567656e65726174657c693a313533363835353835373b617574685f6d6573736167657c733a32323a223c703e496e636f7272656374204c6f67696e3c2f703e223b5f5f63695f766172737c613a313a7b733a31323a22617574685f6d657373616765223b733a333a226f6c64223b7d),
('bg6dvkppbep18ekbf688assfp4o5ivq7', '::1', 1536856188, 0x5f5f63695f6c6173745f726567656e65726174657c693a313533363835363036313b),
('jn2vc1j64b44g08lhp0aq3f0lghnkmrm', '::1', 1536856197, 0x5f5f63695f6c6173745f726567656e65726174657c693a313533363835363139373b),
('98957dvlgbb0ro34fmholu2n81s2o0co', '::1', 1536856203, 0x5f5f63695f6c6173745f726567656e65726174657c693a313533363835363230333b6964656e746974797c733a383a22666164656d6f6c61223b757365726e616d657c733a383a22666164656d6f6c61223b656d61696c7c733a31383a22666164656d6f6c6140676d61696c2e636f6d223b757365725f69647c733a313a2235223b6f6c645f6c6173745f6c6f67696e7c733a31303a2231353336383536313934223b6c6173745f636865636b7c693a313533363835363230333b),
('56agsqqkpb1mhrdgis67eh4ocg34g9s9', '::1', 1536856783, 0x5f5f63695f6c6173745f726567656e65726174657c693a313533363835363738333b),
('1ruvlb3ors8jmsmlqga90kh3q8l2g6g2', '::1', 1536856800, 0x5f5f63695f6c6173745f726567656e65726174657c693a313533363835363830303b),
('51161d9uf9f2mc6o1vl9e48o1kmh58vf', '::1', 1536856809, 0x5f5f63695f6c6173745f726567656e65726174657c693a313533363835363830393b),
('b2me64mtspcnhj0siudf8jd7ca2p2hfr', '::1', 1536929562, 0x5f5f63695f6c6173745f726567656e65726174657c693a313533363932393336363b),
('brr5c6h4cuh5vfof477n04qtv88d5dlt', '::1', 1536930063, 0x5f5f63695f6c6173745f726567656e65726174657c693a313533363932393736383b),
('5e9356jaiq78p8rg6ro5h89gi6ug535j', '::1', 1536930235, 0x5f5f63695f6c6173745f726567656e65726174657c693a313533363933303132393b),
('sbek31vgmuen2ub05kq99l90qbt902un', '::1', 1536931310, 0x5f5f63695f6c6173745f726567656e65726174657c693a313533363933313036393b),
('pb55t4niovlnu6sc5ssqe58mqmk1sss8', '::1', 1536931544, 0x5f5f63695f6c6173745f726567656e65726174657c693a313533363933313435333b617574685f6d6573736167657c733a34383a22546865206163636f756e7420686173206265656e20637265617465642e20596f75206d6179206e6f77206c6f67696e2e223b5f5f63695f766172737c613a313a7b733a31323a22617574685f6d657373616765223b733a333a226f6c64223b7d),
('84rd5831h6n7epfngh351m58h2e6ugrk', '::1', 1536932725, 0x5f5f63695f6c6173745f726567656e65726174657c693a313533363933323436363b),
('r257gi537vnklbcp62jught12q8lc6jc', '::1', 1536932980, 0x5f5f63695f6c6173745f726567656e65726174657c693a313533363933323739343b),
('d9ngupq8j8b7mhnt4i9h9nkmo2qcnnfl', '::1', 1536933305, 0x5f5f63695f6c6173745f726567656e65726174657c693a313533363933333135343b),
('gggu4f3rm7qimm4m2f3hac1f6t5geudh', '::1', 1536934038, 0x5f5f63695f6c6173745f726567656e65726174657c693a313533363933333738303b),
('8kbmba2443eqoct90pvbfbvmoe5j9k4a', '::1', 1536934425, 0x5f5f63695f6c6173745f726567656e65726174657c693a313533363933343133393b),
('2lkl5irqadkhboc8odrga1nccb30jn28', '::1', 1536934766, 0x5f5f63695f6c6173745f726567656e65726174657c693a313533363933343437373b617574685f6d6573736167657c733a32323a223c703e496e636f7272656374204c6f67696e3c2f703e223b5f5f63695f766172737c613a313a7b733a31323a22617574685f6d657373616765223b733a333a226f6c64223b7d),
('6tad6hrfgasn1ast37uk42n9kg2cbshf', '::1', 1536934994, 0x5f5f63695f6c6173745f726567656e65726174657c693a313533363933343738303b),
('qp0ovt20iud2alc79tskosfot3poqurn', '::1', 1536935376, 0x5f5f63695f6c6173745f726567656e65726174657c693a313533363933353038323b),
('gmbupulbmqdtq02g7oergpggq34hlr92', '::1', 1536935655, 0x5f5f63695f6c6173745f726567656e65726174657c693a313533363933353339303b),
('8idiof46hq36lplk5te21u4p2fn2sdah', '::1', 1536936050, 0x5f5f63695f6c6173745f726567656e65726174657c693a313533363933353736343b),
('dapf3i10ck14ectaklof3aufsjvu93g2', '::1', 1536936111, 0x5f5f63695f6c6173745f726567656e65726174657c693a313533363933363039343b),
('mslcgvd3ft0ecnhbjfsjsknejlndp967', '::1', 1536938018, 0x5f5f63695f6c6173745f726567656e65726174657c693a313533363933373938333b),
('n5gohi97a4rc6v07lc78eqeeh9b15m64', '::1', 1536938028, 0x5f5f63695f6c6173745f726567656e65726174657c693a313533363933383032383b6964656e746974797c733a383a226164655f6461796f223b757365726e616d657c733a383a226164655f6461796f223b656d61696c7c733a31383a226164655f6461796f40676d61696c2e636f6d223b757365725f69647c733a313a2236223b6f6c645f6c6173745f6c6f67696e7c4e3b6c6173745f636865636b7c693a313533363933383032383b),
('jqlu3t34afekb63g4ce759ma2duupb0k', '::1', 1536938628, 0x5f5f63695f6c6173745f726567656e65726174657c693a313533363933383632383b),
('0dbd27h17k7l8j7dk0v9n9o27sevhflv', '::1', 1536939956, 0x5f5f63695f6c6173745f726567656e65726174657c693a313533363933393935363b),
('29pdjutt2o42ktfk5cbsqlndl14uvjne', '::1', 1536940061, 0x5f5f63695f6c6173745f726567656e65726174657c693a313533363933393936313b6964656e746974797c733a383a226f6c75736567756e223b757365726e616d657c733a383a226f6c75736567756e223b656d61696c7c733a31303a226f6c75407365672e756e223b757365725f69647c733a313a2232223b6f6c645f6c6173745f6c6f67696e7c733a31303a2231353336383535373632223b6c6173745f636865636b7c693a313533363933393936313b),
('r64cmlcomuooqquf7teelg3js4pqr5a9', '::1', 1536940548, 0x5f5f63695f6c6173745f726567656e65726174657c693a313533363934303236393b6964656e746974797c733a383a226f6c75736567756e223b757365726e616d657c733a383a226f6c75736567756e223b656d61696c7c733a31303a226f6c75407365672e756e223b757365725f69647c733a313a2232223b6f6c645f6c6173745f6c6f67696e7c733a31303a2231353336383535373632223b6c6173745f636865636b7c693a313533363933393936313b),
('ul5evootfqrpefcu4etic9shj71i8j4s', '::1', 1536940864, 0x5f5f63695f6c6173745f726567656e65726174657c693a313533363934303538323b6964656e746974797c733a383a226f6c75736567756e223b757365726e616d657c733a383a226f6c75736567756e223b656d61696c7c733a31303a226f6c75407365672e756e223b757365725f69647c733a313a2232223b6f6c645f6c6173745f6c6f67696e7c733a31303a2231353336383535373632223b6c6173745f636865636b7c693a313533363933393936313b),
('f8du60pjt0hmn5vm5uamk98cmpnrttb5', '::1', 1536941229, 0x5f5f63695f6c6173745f726567656e65726174657c693a313533363934303934343b6964656e746974797c733a383a226f6c75736567756e223b757365726e616d657c733a383a226f6c75736567756e223b656d61696c7c733a31303a226f6c75407365672e756e223b757365725f69647c733a313a2232223b6f6c645f6c6173745f6c6f67696e7c733a31303a2231353336383535373632223b6c6173745f636865636b7c693a313533363933393936313b),
('6h38l70e25352fm73e92klboo9n69frs', '::1', 1536941528, 0x5f5f63695f6c6173745f726567656e65726174657c693a313533363934313234353b6964656e746974797c733a383a226f6c75736567756e223b757365726e616d657c733a383a226f6c75736567756e223b656d61696c7c733a31303a226f6c75407365672e756e223b757365725f69647c733a313a2232223b6f6c645f6c6173745f6c6f67696e7c733a31303a2231353336383535373632223b6c6173745f636865636b7c693a313533363933393936313b),
('pa9sbcgtq7aa8l4saogopc321ud8vq95', '::1', 1536941845, 0x5f5f63695f6c6173745f726567656e65726174657c693a313533363934313534373b6964656e746974797c733a383a226f6c75736567756e223b757365726e616d657c733a383a226f6c75736567756e223b656d61696c7c733a31303a226f6c75407365672e756e223b757365725f69647c733a313a2232223b6f6c645f6c6173745f6c6f67696e7c733a31303a2231353336383535373632223b6c6173745f636865636b7c693a313533363933393936313b6d6573736167657c733a32313a224572726f722065646974696e672070726f66696c65223b5f5f63695f766172737c613a313a7b733a373a226d657373616765223b733a333a226f6c64223b7d),
('qlfcltl7c1f5aib0760lb9nekasf17nr', '::1', 1536941855, 0x5f5f63695f6c6173745f726567656e65726174657c693a313533363934313835323b6964656e746974797c733a383a226f6c75736567756e223b757365726e616d657c733a383a226f6c75736567756e223b656d61696c7c733a31303a226f6c75407365672e756e223b757365725f69647c733a313a2232223b6f6c645f6c6173745f6c6f67696e7c733a31303a2231353336383535373632223b6c6173745f636865636b7c693a313533363933393936313b6d6573736167657c4e3b),
('h4th9v385rgasdq8s1c2dvs2a2nsqata', '::1', 1536954237, 0x5f5f63695f6c6173745f726567656e65726174657c693a313533363935343233363b),
('ecbrcffpjpkhg029o6qreeesroigj03f', '::1', 1536954386, 0x5f5f63695f6c6173745f726567656e65726174657c693a313533363935343234333b6964656e746974797c733a383a226f6c75736567756e223b757365726e616d657c733a383a226f6c75736567756e223b656d61696c7c733a31303a226f6c75407365672e756e223b757365725f69647c733a313a2232223b6f6c645f6c6173745f6c6f67696e7c733a31303a2231353336393339393631223b6c6173745f636865636b7c693a313533363935343234333b),
('hg50vgpa5695uu22quhf3rc7h2c5udc0', '::1', 1536988101, 0x5f5f63695f6c6173745f726567656e65726174657c693a313533363938383130313b),
('e5gh2vtld0uk0qp4grlld7m8pmsc8bt4', '::1', 1536988337, 0x5f5f63695f6c6173745f726567656e65726174657c693a313533363938383332363b),
('9p6c1g05v89ebv9vn1ilpnhadpfeui3a', '::1', 1536988581, 0x5f5f63695f6c6173745f726567656e65726174657c693a313533363938383334303b6964656e746974797c733a383a226f6c75736567756e223b757365726e616d657c733a383a226f6c75736567756e223b656d61696c7c733a31303a226f6c75407365672e756e223b757365725f69647c733a313a2232223b6f6c645f6c6173745f6c6f67696e7c733a31303a2231353336393838323938223b6c6173745f636865636b7c693a313533363938383334303b),
('d0ti30oh6m47orptdolj2j9akl3msjgj', '::1', 1536988972, 0x5f5f63695f6c6173745f726567656e65726174657c693a313533363938383638343b6964656e746974797c733a383a226f6c75736567756e223b757365726e616d657c733a383a226f6c75736567756e223b656d61696c7c733a31303a226f6c75407365672e756e223b757365725f69647c733a313a2232223b6f6c645f6c6173745f6c6f67696e7c733a31303a2231353336393838323938223b6c6173745f636865636b7c693a313533363938383334303b),
('egjkvngcl0m6seq6rl7694jpvk3iql7l', '::1', 1536989175, 0x5f5f63695f6c6173745f726567656e65726174657c693a313533363938393031323b6964656e746974797c733a383a226f6c75736567756e223b757365726e616d657c733a383a226f6c75736567756e223b656d61696c7c733a31303a226f6c75407365672e756e223b757365725f69647c733a313a2232223b6f6c645f6c6173745f6c6f67696e7c733a31303a2231353336393838323938223b6c6173745f636865636b7c693a313533363938383334303b),
('sir9ornshjkrdtqpatogfhqh0c8k0nv3', '::1', 1536991796, 0x5f5f63695f6c6173745f726567656e65726174657c693a313533363939313732393b6964656e746974797c733a383a226f6c75736567756e223b757365726e616d657c733a383a226f6c75736567756e223b656d61696c7c733a31303a226f6c75407365672e756e223b757365725f69647c733a313a2232223b6f6c645f6c6173745f6c6f67696e7c733a31303a2231353336393838323938223b6c6173745f636865636b7c693a313533363938383334303b),
('3v3svdji6j96oue8om9451kupqk8npam', '::1', 1536992399, 0x5f5f63695f6c6173745f726567656e65726174657c693a313533363939323332383b6964656e746974797c733a383a226f6c75736567756e223b757365726e616d657c733a383a226f6c75736567756e223b656d61696c7c733a31303a226f6c75407365672e756e223b757365725f69647c733a313a2232223b6f6c645f6c6173745f6c6f67696e7c733a31303a2231353336393838323938223b6c6173745f636865636b7c693a313533363938383334303b),
('ht2iagvgheh3q7476pgioc5gq3q68lsl', '::1', 1536993118, 0x5f5f63695f6c6173745f726567656e65726174657c693a313533363939323930353b6964656e746974797c733a383a226f6c75736567756e223b757365726e616d657c733a383a226f6c75736567756e223b656d61696c7c733a31303a226f6c75407365672e756e223b757365725f69647c733a313a2232223b6f6c645f6c6173745f6c6f67696e7c733a31303a2231353336393838323938223b6c6173745f636865636b7c693a313533363938383334303b),
('qro509nb3c7pli0lussg6tnefj9k3hjk', '::1', 1536993715, 0x5f5f63695f6c6173745f726567656e65726174657c693a313533363939333433323b6964656e746974797c733a383a226f6c75736567756e223b757365726e616d657c733a383a226f6c75736567756e223b656d61696c7c733a31303a226f6c75407365672e756e223b757365725f69647c733a313a2232223b6f6c645f6c6173745f6c6f67696e7c733a31303a2231353336393838323938223b6c6173745f636865636b7c693a313533363938383334303b),
('14vjhd9mlegrr9en3njviomtg6k81t15', '::1', 1536994960, 0x5f5f63695f6c6173745f726567656e65726174657c693a313533363939343638383b6964656e746974797c733a383a226f6c75736567756e223b757365726e616d657c733a383a226f6c75736567756e223b656d61696c7c733a31303a226f6c75407365672e756e223b757365725f69647c733a313a2232223b6f6c645f6c6173745f6c6f67696e7c733a31303a2231353336393838323938223b6c6173745f636865636b7c693a313533363938383334303b),
('7bcitmlgok3l5pb93kphmtg517lbk6cs', '::1', 1536995326, 0x5f5f63695f6c6173745f726567656e65726174657c693a313533363939353135363b6964656e746974797c733a383a226f6c75736567756e223b757365726e616d657c733a383a226f6c75736567756e223b656d61696c7c733a31303a226f6c75407365672e756e223b757365725f69647c733a313a2232223b6f6c645f6c6173745f6c6f67696e7c733a31303a2231353336393838323938223b6c6173745f636865636b7c693a313533363938383334303b),
('li6m5fcgug6drfqimtd8naqceko48qb0', '::1', 1536995687, 0x5f5f63695f6c6173745f726567656e65726174657c693a313533363939353439313b6964656e746974797c733a383a226f6c75736567756e223b757365726e616d657c733a383a226f6c75736567756e223b656d61696c7c733a31303a226f6c75407365672e756e223b757365725f69647c733a313a2232223b6f6c645f6c6173745f6c6f67696e7c733a31303a2231353336393838323938223b6c6173745f636865636b7c693a313533363938383334303b),
('8n5l8um7kom2bj3b6ouomor2repicp5c', '::1', 1536995983, 0x5f5f63695f6c6173745f726567656e65726174657c693a313533363939353830303b6964656e746974797c733a383a226f6c75736567756e223b757365726e616d657c733a383a226f6c75736567756e223b656d61696c7c733a31303a226f6c75407365672e756e223b757365725f69647c733a313a2232223b6f6c645f6c6173745f6c6f67696e7c733a31303a2231353336393838323938223b6c6173745f636865636b7c693a313533363938383334303b),
('632s03rch6rj7o23c42hpkk9uhslcj2s', '::1', 1536996349, 0x5f5f63695f6c6173745f726567656e65726174657c693a313533363939363134393b6964656e746974797c733a383a226f6c75736567756e223b757365726e616d657c733a383a226f6c75736567756e223b656d61696c7c733a31303a226f6c75407365672e756e223b757365725f69647c733a313a2232223b6f6c645f6c6173745f6c6f67696e7c733a31303a2231353336393838323938223b6c6173745f636865636b7c693a313533363938383334303b),
('k99v2g4to8tldeuu64dk2si0ts4r9bkf', '::1', 1536997060, 0x5f5f63695f6c6173745f726567656e65726174657c693a313533363939363737363b6964656e746974797c733a383a226f6c75736567756e223b757365726e616d657c733a383a226f6c75736567756e223b656d61696c7c733a31303a226f6c75407365672e756e223b757365725f69647c733a313a2232223b6f6c645f6c6173745f6c6f67696e7c733a31303a2231353336393838323938223b6c6173745f636865636b7c693a313533363938383334303b),
('85m82mbi1pgamd9hvtvihclcacb4t2tt', '::1', 1536997449, 0x5f5f63695f6c6173745f726567656e65726174657c693a313533363939373231323b6964656e746974797c733a383a226f6c75736567756e223b757365726e616d657c733a383a226f6c75736567756e223b656d61696c7c733a31303a226f6c75407365672e756e223b757365725f69647c733a313a2232223b6f6c645f6c6173745f6c6f67696e7c733a31303a2231353336393838323938223b6c6173745f636865636b7c693a313533363938383334303b),
('b32mp0dqt5t39rtk5mr3hgsnrgpp0psq', '::1', 1536997854, 0x5f5f63695f6c6173745f726567656e65726174657c693a313533363939373535373b6964656e746974797c733a383a226f6c75736567756e223b757365726e616d657c733a383a226f6c75736567756e223b656d61696c7c733a31303a226f6c75407365672e756e223b757365725f69647c733a313a2232223b6f6c645f6c6173745f6c6f67696e7c733a31303a2231353336393838323938223b6c6173745f636865636b7c693a313533363938383334303b),
('id7tgo6o4uo4hqena64v4ah5seoa1gjb', '::1', 1536998151, 0x5f5f63695f6c6173745f726567656e65726174657c693a313533363939373836313b6964656e746974797c733a383a226f6c75736567756e223b757365726e616d657c733a383a226f6c75736567756e223b656d61696c7c733a31303a226f6c75407365672e756e223b757365725f69647c733a313a2232223b6f6c645f6c6173745f6c6f67696e7c733a31303a2231353336393838323938223b6c6173745f636865636b7c693a313533363938383334303b),
('c1l0olo19t744f0c6mc70pbffq9kj34o', '::1', 1536998291, 0x5f5f63695f6c6173745f726567656e65726174657c693a313533363939383231373b6964656e746974797c733a383a226f6c75736567756e223b757365726e616d657c733a383a226f6c75736567756e223b656d61696c7c733a31303a226f6c75407365672e756e223b757365725f69647c733a313a2232223b6f6c645f6c6173745f6c6f67696e7c733a31303a2231353336393838323938223b6c6173745f636865636b7c693a313533363938383334303b),
('aoocvvtp0r6lncp9ljqvsaagt8npfvoh', '::1', 1536999144, 0x5f5f63695f6c6173745f726567656e65726174657c693a313533363939383834373b6964656e746974797c733a383a226f6c75736567756e223b757365726e616d657c733a383a226f6c75736567756e223b656d61696c7c733a31303a226f6c75407365672e756e223b757365725f69647c733a313a2232223b6f6c645f6c6173745f6c6f67696e7c733a31303a2231353336393838323938223b6c6173745f636865636b7c693a313533363938383334303b),
('uint5olhqc5hcuiga8mk6pah5r9jcleq', '::1', 1536999515, 0x5f5f63695f6c6173745f726567656e65726174657c693a313533363939393235323b6964656e746974797c733a383a226f6c75736567756e223b757365726e616d657c733a383a226f6c75736567756e223b656d61696c7c733a31303a226f6c75407365672e756e223b757365725f69647c733a313a2232223b6f6c645f6c6173745f6c6f67696e7c733a31303a2231353336393838323938223b6c6173745f636865636b7c693a313533363938383334303b),
('eshucdfcvh8hrr3l3q8jpek2o97dvaj8', '::1', 1536999837, 0x5f5f63695f6c6173745f726567656e65726174657c693a313533363939393536363b6964656e746974797c733a383a226f6c75736567756e223b757365726e616d657c733a383a226f6c75736567756e223b656d61696c7c733a31303a226f6c75407365672e756e223b757365725f69647c733a313a2232223b6f6c645f6c6173745f6c6f67696e7c733a31303a2231353336393838323938223b6c6173745f636865636b7c693a313533363938383334303b),
('b2rkfqf60oq5lrd2c7sgqfbl06qvb7u2', '::1', 1537000077, 0x5f5f63695f6c6173745f726567656e65726174657c693a313533363939393838303b6964656e746974797c733a383a226f6c75736567756e223b757365726e616d657c733a383a226f6c75736567756e223b656d61696c7c733a31303a226f6c75407365672e756e223b757365725f69647c733a313a2232223b6f6c645f6c6173745f6c6f67696e7c733a31303a2231353336393838323938223b6c6173745f636865636b7c693a313533363938383334303b6d6573736167657c733a34343a225468652062616e6b206163636f756e7420686173206265656e206164646564207375636365737366756c6c79223b),
('v373jg4h2ek9sopv90p97rnat0t63252', '::1', 1537000251, 0x5f5f63695f6c6173745f726567656e65726174657c693a313533373030303232323b6964656e746974797c733a383a226f6c75736567756e223b757365726e616d657c733a383a226f6c75736567756e223b656d61696c7c733a31303a226f6c75407365672e756e223b757365725f69647c733a313a2232223b6f6c645f6c6173745f6c6f67696e7c733a31303a2231353336393838323938223b6c6173745f636865636b7c693a313533363938383334303b6d6573736167657c733a34343a225468652062616e6b206163636f756e7420686173206265656e206164646564207375636365737366756c6c79223b),
('hdp7j1f76f3g0ltr7ejg07akekvcjgkh', '::1', 1537000642, 0x5f5f63695f6c6173745f726567656e65726174657c693a313533373030303631303b6964656e746974797c733a383a226f6c75736567756e223b757365726e616d657c733a383a226f6c75736567756e223b656d61696c7c733a31303a226f6c75407365672e756e223b757365725f69647c733a313a2232223b6f6c645f6c6173745f6c6f67696e7c733a31303a2231353336393838323938223b6c6173745f636865636b7c693a313533363938383334303b6d6573736167657c733a34343a225468652062616e6b206163636f756e7420686173206265656e206164646564207375636365737366756c6c79223b),
('7si9hn72sgjq2f4893ufsrfhn7j8p0f7', '::1', 1537001248, 0x5f5f63695f6c6173745f726567656e65726174657c693a313533373030313139393b6964656e746974797c733a383a226f6c75736567756e223b757365726e616d657c733a383a226f6c75736567756e223b656d61696c7c733a31303a226f6c75407365672e756e223b757365725f69647c733a313a2232223b6f6c645f6c6173745f6c6f67696e7c733a31303a2231353336393838323938223b6c6173745f636865636b7c693a313533363938383334303b6d6573736167657c733a34343a225468652062616e6b206163636f756e7420686173206265656e206164646564207375636365737366756c6c79223b),
('cpb861br02mgt805e3nba8e2edtsfdve', '::1', 1537002555, 0x5f5f63695f6c6173745f726567656e65726174657c693a313533373030323237303b6964656e746974797c733a383a226f6c75736567756e223b757365726e616d657c733a383a226f6c75736567756e223b656d61696c7c733a31303a226f6c75407365672e756e223b757365725f69647c733a313a2232223b6f6c645f6c6173745f6c6f67696e7c733a31303a2231353336393838323938223b6c6173745f636865636b7c693a313533363938383334303b),
('vci3nmmarl2jr02dr0mdpnufijv52k00', '::1', 1537002994, 0x5f5f63695f6c6173745f726567656e65726174657c693a313533373030323739383b6964656e746974797c733a383a226f6c75736567756e223b757365726e616d657c733a383a226f6c75736567756e223b656d61696c7c733a31303a226f6c75407365672e756e223b757365725f69647c733a313a2232223b6f6c645f6c6173745f6c6f67696e7c733a31303a2231353336393838323938223b6c6173745f636865636b7c693a313533363938383334303b),
('qdk81jm44qkkg3l3hv9bsaufhmo0bssg', '::1', 1537003263, 0x5f5f63695f6c6173745f726567656e65726174657c693a313533373030333131313b6964656e746974797c733a383a226f6c75736567756e223b757365726e616d657c733a383a226f6c75736567756e223b656d61696c7c733a31303a226f6c75407365672e756e223b757365725f69647c733a313a2232223b6f6c645f6c6173745f6c6f67696e7c733a31303a2231353336393838323938223b6c6173745f636865636b7c693a313533363938383334303b),
('g6886hguo8d0s0havqgfaf00ft6r38rj', '::1', 1537003588, 0x5f5f63695f6c6173745f726567656e65726174657c693a313533373030333435363b6964656e746974797c733a383a226f6c75736567756e223b757365726e616d657c733a383a226f6c75736567756e223b656d61696c7c733a31303a226f6c75407365672e756e223b757365725f69647c733a313a2232223b6f6c645f6c6173745f6c6f67696e7c733a31303a2231353336393838323938223b6c6173745f636865636b7c693a313533363938383334303b),
('lmhqjecqme24dg3q44vcsvrkcvb7o5bm', '::1', 1537004140, 0x5f5f63695f6c6173745f726567656e65726174657c693a313533373030333935363b6964656e746974797c733a383a226f6c75736567756e223b757365726e616d657c733a383a226f6c75736567756e223b656d61696c7c733a31303a226f6c75407365672e756e223b757365725f69647c733a313a2232223b6f6c645f6c6173745f6c6f67696e7c733a31303a2231353336393838323938223b6c6173745f636865636b7c693a313533363938383334303b),
('cgeabhrj8kl9ojvpjdrhaca2vgglqhqe', '::1', 1537004360, 0x5f5f63695f6c6173745f726567656e65726174657c693a313533373030343330353b6964656e746974797c733a383a226f6c75736567756e223b757365726e616d657c733a383a226f6c75736567756e223b656d61696c7c733a31303a226f6c75407365672e756e223b757365725f69647c733a313a2232223b6f6c645f6c6173745f6c6f67696e7c733a31303a2231353336393838323938223b6c6173745f636865636b7c693a313533363938383334303b6d6573736167657c733a34363a225468652062616e6b206163636f756e7420686173206265656e2064656c65746564207375636365737366756c6c79223b5f5f63695f766172737c613a313a7b733a373a226d657373616765223b733a333a226f6c64223b7d),
('0dfia79k3qb170np380c93t9gi661c8o', '::1', 1537004928, 0x5f5f63695f6c6173745f726567656e65726174657c693a313533373030343638333b6964656e746974797c733a383a226f6c75736567756e223b757365726e616d657c733a383a226f6c75736567756e223b656d61696c7c733a31303a226f6c75407365672e756e223b757365725f69647c733a313a2232223b6f6c645f6c6173745f6c6f67696e7c733a31303a2231353336393838323938223b6c6173745f636865636b7c693a313533363938383334303b6d6573736167657c733a34343a225468652062616e6b206163636f756e7420686173206265656e206164646564207375636365737366756c6c79223b5f5f63695f766172737c613a313a7b733a373a226d657373616765223b733a333a226f6c64223b7d),
('an55ks8ufc6bgs35lf07vklscitpm77l', '::1', 1537005272, 0x5f5f63695f6c6173745f726567656e65726174657c693a313533373030343939323b6964656e746974797c733a383a226f6c75736567756e223b757365726e616d657c733a383a226f6c75736567756e223b656d61696c7c733a31303a226f6c75407365672e756e223b757365725f69647c733a313a2232223b6f6c645f6c6173745f6c6f67696e7c733a31303a2231353336393838323938223b6c6173745f636865636b7c693a313533363938383334303b),
('5igf71hcs8p8iv62fso6v2alqi2294b9', '::1', 1537005413, 0x5f5f63695f6c6173745f726567656e65726174657c693a313533373030353331363b6964656e746974797c733a383a226f6c75736567756e223b757365726e616d657c733a383a226f6c75736567756e223b656d61696c7c733a31303a226f6c75407365672e756e223b757365725f69647c733a313a2232223b6f6c645f6c6173745f6c6f67696e7c733a31303a2231353336393838323938223b6c6173745f636865636b7c693a313533363938383334303b),
('15i9ne8cjc844nsdtohk246jstddvt0s', '::1', 1537005862, 0x5f5f63695f6c6173745f726567656e65726174657c693a313533373030353632363b6964656e746974797c733a383a226f6c75736567756e223b757365726e616d657c733a383a226f6c75736567756e223b656d61696c7c733a31303a226f6c75407365672e756e223b757365725f69647c733a313a2232223b6f6c645f6c6173745f6c6f67696e7c733a31303a2231353336393838323938223b6c6173745f636865636b7c693a313533363938383334303b),
('tn7e1rv9h08n4cvqukigrmra0d4snkdd', '::1', 1537006232, 0x5f5f63695f6c6173745f726567656e65726174657c693a313533373030353933323b6964656e746974797c733a383a226f6c75736567756e223b757365726e616d657c733a383a226f6c75736567756e223b656d61696c7c733a31303a226f6c75407365672e756e223b757365725f69647c733a313a2232223b6f6c645f6c6173745f6c6f67696e7c733a31303a2231353336393838323938223b6c6173745f636865636b7c693a313533363938383334303b),
('3j28t72rcjtjost0c4lirp7134k15pc4', '::1', 1537006589, 0x5f5f63695f6c6173745f726567656e65726174657c693a313533373030363239343b6964656e746974797c733a383a226f6c75736567756e223b757365726e616d657c733a383a226f6c75736567756e223b656d61696c7c733a31303a226f6c75407365672e756e223b757365725f69647c733a313a2232223b6f6c645f6c6173745f6c6f67696e7c733a31303a2231353336393838323938223b6c6173745f636865636b7c693a313533363938383334303b),
('bab5dhvii4v32s9l39fn92cq274qp54i', '::1', 1537006893, 0x5f5f63695f6c6173745f726567656e65726174657c693a313533373030363630363b6964656e746974797c733a383a226f6c75736567756e223b757365726e616d657c733a383a226f6c75736567756e223b656d61696c7c733a31303a226f6c75407365672e756e223b757365725f69647c733a313a2232223b6f6c645f6c6173745f6c6f67696e7c733a31303a2231353336393838323938223b6c6173745f636865636b7c693a313533363938383334303b);

-- --------------------------------------------------------

--
-- Table structure for table `eventlog`
--

CREATE TABLE IF NOT EXISTS `eventlog` (
  `id` bigint(20) unsigned NOT NULL AUTO_INCREMENT,
  `event` varchar(200) NOT NULL,
  `eventRowIdOrRef` varchar(20) DEFAULT NULL,
  `eventDesc` text,
  `eventTable` varchar(20) DEFAULT NULL,
  `staffInCharge` bigint(20) unsigned NOT NULL,
  `eventTime` timestamp NOT NULL DEFAULT CURRENT_TIMESTAMP ON UPDATE CURRENT_TIMESTAMP,
  PRIMARY KEY (`id`)
) ENGINE=InnoDB DEFAULT CHARSET=latin1 AUTO_INCREMENT=1 ;

-- --------------------------------------------------------

--
-- Table structure for table `groups`
--

CREATE TABLE IF NOT EXISTS `groups` (
  `id` mediumint(8) unsigned NOT NULL AUTO_INCREMENT,
  `name` varchar(20) NOT NULL,
  `description` varchar(100) NOT NULL,
  PRIMARY KEY (`id`)
) ENGINE=InnoDB  DEFAULT CHARSET=utf8 AUTO_INCREMENT=3 ;

--
-- Dumping data for table `groups`
--

INSERT INTO `groups` (`id`, `name`, `description`) VALUES
(1, 'admin', 'Administrator'),
(2, 'members', 'General User');

-- --------------------------------------------------------

--
-- Table structure for table `items`
--

CREATE TABLE IF NOT EXISTS `items` (
  `id` bigint(20) unsigned NOT NULL AUTO_INCREMENT,
  `name` varchar(50) NOT NULL,
  `code` varchar(10) NOT NULL,
  `description` text,
  `unitPrice` decimal(10,2) NOT NULL,
  `quantity` int(6) NOT NULL,
  `dateAdded` datetime NOT NULL,
  `lastUpdated` timestamp NOT NULL DEFAULT CURRENT_TIMESTAMP ON UPDATE CURRENT_TIMESTAMP,
  PRIMARY KEY (`id`),
  UNIQUE KEY `name` (`name`),
  UNIQUE KEY `code` (`code`)
) ENGINE=InnoDB DEFAULT CHARSET=latin1 AUTO_INCREMENT=1 ;

-- --------------------------------------------------------

--
-- Table structure for table `loans`
--

CREATE TABLE IF NOT EXISTS `loans` (
  `id` int(11) NOT NULL AUTO_INCREMENT,
  `user_id` int(11) NOT NULL,
  `loan_amount` float NOT NULL,
  `loan_unit_id` int(11) NOT NULL,
  `collateral_amount` float NOT NULL,
  `collateral_unit_id` int(11) NOT NULL,
  `loan_duration` int(11) NOT NULL COMMENT 'Months',
  `requested_on` datetime DEFAULT NULL,
  `approved_by_id` int(11) DEFAULT NULL,
  `approved_on` datetime DEFAULT NULL,
  `cleared_by_id` int(11) DEFAULT NULL COMMENT 'Id of admin who determines that loan has been repayed',
  `cleared_on` datetime DEFAULT NULL,
  `status_number` int(1) NOT NULL DEFAULT '0',
  PRIMARY KEY (`id`)
) ENGINE=InnoDB  DEFAULT CHARSET=latin1 AUTO_INCREMENT=3 ;

--
-- Dumping data for table `loans`
--

INSERT INTO `loans` (`id`, `user_id`, `loan_amount`, `loan_unit_id`, `collateral_amount`, `collateral_unit_id`, `loan_duration`, `requested_on`, `approved_by_id`, `approved_on`, `cleared_by_id`, `cleared_on`, `status_number`) VALUES
(1, 2, 100000, 1, 0.2, 1, 12, '2018-09-05 00:00:00', 1, '2018-09-13 17:10:32', NULL, NULL, 2),
(2, 2, 100000, 1, 0.03, 2, 4, '2018-09-06 16:55:09', 1, '2018-09-13 16:38:22', NULL, NULL, 1);

-- --------------------------------------------------------

--
-- Table structure for table `loans_managers`
--

CREATE TABLE IF NOT EXISTS `loans_managers` (
  `id` int(11) NOT NULL AUTO_INCREMENT,
  `loan_id` int(11) NOT NULL,
  `admin_id` int(11) NOT NULL,
  `assigned_on` datetime NOT NULL,
  `assigned_by_id` int(11) NOT NULL,
  PRIMARY KEY (`id`)
) ENGINE=InnoDB DEFAULT CHARSET=latin1 AUTO_INCREMENT=1 ;

-- --------------------------------------------------------

--
-- Table structure for table `loan_status`
--

CREATE TABLE IF NOT EXISTS `loan_status` (
  `id` int(11) NOT NULL AUTO_INCREMENT,
  `status_number` int(11) NOT NULL,
  `status` varchar(25) NOT NULL,
  `details` varchar(128) NOT NULL COMMENT 'details of status',
  PRIMARY KEY (`id`)
) ENGINE=InnoDB  DEFAULT CHARSET=latin1 AUTO_INCREMENT=7 ;

--
-- Dumping data for table `loan_status`
--

INSERT INTO `loan_status` (`id`, `status_number`, `status`, `details`) VALUES
(1, 1, 'PENDING', 'Loan request is awaiting admin approval'),
(2, 2, 'APPROVED', 'Loan request has been granted'),
(3, 3, 'GRANTED', 'granted'),
(4, 4, 'CLEARED', 'Loan has been repayed'),
(5, 5, 'CANCELLED', 'Request cancelled by user'),
(6, 10, 'DENIED', 'loan request has been denied');

-- --------------------------------------------------------

--
-- Table structure for table `loan_units`
--

CREATE TABLE IF NOT EXISTS `loan_units` (
  `id` int(11) NOT NULL AUTO_INCREMENT,
  `name` varchar(25) NOT NULL,
  `logo` varchar(128) NOT NULL COMMENT 'HTML character number',
  PRIMARY KEY (`id`)
) ENGINE=InnoDB  DEFAULT CHARSET=latin1 COMMENT='I may need to merge with collateral_units to form units' AUTO_INCREMENT=2 ;

--
-- Dumping data for table `loan_units`
--

INSERT INTO `loan_units` (`id`, `name`, `logo`) VALUES
(1, 'Naira', '&amp;#x20A6;');

-- --------------------------------------------------------

--
-- Table structure for table `login_attempts`
--

CREATE TABLE IF NOT EXISTS `login_attempts` (
  `id` int(11) unsigned NOT NULL AUTO_INCREMENT,
  `ip_address` varchar(45) NOT NULL,
  `login` varchar(100) NOT NULL,
  `time` int(11) unsigned DEFAULT NULL,
  PRIMARY KEY (`id`)
) ENGINE=InnoDB  DEFAULT CHARSET=utf8 AUTO_INCREMENT=10 ;

--
-- Dumping data for table `login_attempts`
--

INSERT INTO `login_attempts` (`id`, `ip_address`, `login`, `time`) VALUES
(1, '::1', 'olsee', 1536934417),
(2, '::1', 'sdfdfdk', 1536934485),
(3, '::1', 'asdfdf', 1536934742),
(4, '::1', 'asdf', 1536934766),
(5, '::1', 'asdfd', 1536934875),
(6, '::1', 'aaaaa', 1536934901),
(7, '::1', 'aaaa', 1536934914),
(8, '::1', 'dfj', 1536935100),
(9, '::1', 'sd', 1536935175);

-- --------------------------------------------------------

--
-- Table structure for table `transactions`
--

CREATE TABLE IF NOT EXISTS `transactions` (
  `transId` bigint(20) unsigned NOT NULL AUTO_INCREMENT,
  `ref` varchar(10) NOT NULL,
  `itemName` varchar(50) NOT NULL,
  `itemCode` varchar(50) NOT NULL,
  `description` text,
  `quantity` int(6) NOT NULL,
  `unitPrice` decimal(10,2) NOT NULL,
  `totalPrice` decimal(10,2) NOT NULL,
  `totalMoneySpent` decimal(10,2) NOT NULL,
  `amountTendered` decimal(10,2) NOT NULL,
  `discount_amount` decimal(10,2) NOT NULL,
  `discount_percentage` decimal(10,2) NOT NULL,
  `vatPercentage` decimal(10,2) NOT NULL,
  `vatAmount` decimal(10,2) NOT NULL,
  `changeDue` decimal(10,2) NOT NULL,
  `modeOfPayment` varchar(20) NOT NULL,
  `cust_name` varchar(20) DEFAULT NULL,
  `cust_phone` varchar(15) DEFAULT NULL,
  `cust_email` varchar(50) DEFAULT NULL,
  `transType` char(1) NOT NULL,
  `staffId` bigint(20) unsigned NOT NULL,
  `transDate` datetime NOT NULL,
  `lastUpdated` timestamp NOT NULL DEFAULT CURRENT_TIMESTAMP ON UPDATE CURRENT_TIMESTAMP,
  `cancelled` char(1) NOT NULL DEFAULT '0',
  PRIMARY KEY (`transId`)
) ENGINE=InnoDB DEFAULT CHARSET=latin1 AUTO_INCREMENT=1 ;

-- --------------------------------------------------------

--
-- Table structure for table `users`
--

CREATE TABLE IF NOT EXISTS `users` (
  `id` int(11) unsigned NOT NULL AUTO_INCREMENT,
  `ip_address` varchar(45) NOT NULL,
  `username` varchar(100) DEFAULT NULL,
  `password` varchar(255) NOT NULL,
  `salt` varchar(255) DEFAULT NULL,
  `email` varchar(254) NOT NULL,
  `activation_code` varchar(40) DEFAULT NULL,
  `forgotten_password_code` varchar(40) DEFAULT NULL,
  `forgotten_password_time` int(11) unsigned DEFAULT NULL,
  `remember_code` varchar(40) DEFAULT NULL,
  `created_on` int(11) unsigned NOT NULL,
  `last_login` int(11) unsigned DEFAULT NULL,
  `active` tinyint(1) unsigned DEFAULT NULL,
  `first_name` varchar(50) DEFAULT NULL,
  `last_name` varchar(50) DEFAULT NULL,
  `company` varchar(100) DEFAULT NULL,
  `phone` varchar(20) DEFAULT NULL,
  `address` varchar(200) NOT NULL,
  `deleted` tinyint(1) NOT NULL DEFAULT '0',
  PRIMARY KEY (`id`)
) ENGINE=InnoDB  DEFAULT CHARSET=utf8 AUTO_INCREMENT=7 ;

--
-- Dumping data for table `users`
--

INSERT INTO `users` (`id`, `ip_address`, `username`, `password`, `salt`, `email`, `activation_code`, `forgotten_password_code`, `forgotten_password_time`, `remember_code`, `created_on`, `last_login`, `active`, `first_name`, `last_name`, `company`, `phone`, `address`, `deleted`) VALUES
(1, '127.0.0.1', 'administrator', '$2a$07$SeBknntpZror9uyftVopmu61qg0ms8Qv1yV6FG.kQOSM.9QhmTo36', '', 'admin@admin.com', '', NULL, NULL, 'T/rT675QAMv3rLiclLWeWu', 1268889823, 1536339473, 1, 'Admin', 'istrator', 'ADMIN', '08123456987', 'Lives in Office', 0),
(2, '::1', 'olusegun', '$2y$08$Q9ZUT526K113YG78KjM7u.Cf6fdH4uj9zdEY7dJtG/adzOtguwrP2', NULL, 'olu@seg.un', NULL, NULL, NULL, 'wkJilWzZdkrIU3ubIgkidO', 1534420122, 1536988340, 1, 'Olu', 'Segun', NULL, '08169993851', 'House 10, Road 75 close, Ile-Adura, Ileh-Adura', 0),
(3, '::1', 'Ade', '$2y$08$hzpyDQJtSwkWuYQ6RQOtEO76uoVf18tpLkf86lWLxb8dkKTNvNtxC', NULL, 'ade@bade.com', NULL, NULL, NULL, 'JrR3h/VS9.O8RBUdpw/SyO', 1536826347, 1536855112, 1, 'Ade', 'Bade', NULL, NULL, '', 0),
(4, '::1', 'afaleti', '$2y$08$MyJboEXv74UIY.N362Jle.67y5LGxMvg4X/WSj/6DFKVOsrpqoJEC', NULL, 'afaleti@gmail.com', NULL, NULL, NULL, NULL, 1536855881, 1536855907, 1, 'Adebayo', 'Faleti', NULL, NULL, '', 0),
(5, '::1', 'fademola', '$2y$08$TqGLofMcJ9Q5pizyfV3A/eJJygdfSIG8hdDf5TWRgCOrzSco0bXSC', NULL, 'fademola@gmail.com', NULL, NULL, NULL, NULL, 1536856087, 1536856807, 1, 'Ademola', 'Fadare', NULL, NULL, '', 0),
(6, '::1', 'ade_dayo', '$2y$08$Kzqm0/lZhYe1T2l9ixEmj.wU7rdnFQiX1TAr78wkw1uinIJ3r5/dS', NULL, 'ade_dayo@gmail.com', NULL, NULL, NULL, NULL, 1536931544, 1536938028, 1, 'Ademola', 'Fadayo', NULL, NULL, '', 0);

-- --------------------------------------------------------

--
-- Table structure for table `users_groups`
--

CREATE TABLE IF NOT EXISTS `users_groups` (
  `id` int(11) unsigned NOT NULL AUTO_INCREMENT,
  `user_id` int(11) unsigned NOT NULL,
  `group_id` mediumint(8) unsigned NOT NULL,
  PRIMARY KEY (`id`),
  UNIQUE KEY `uc_users_groups` (`user_id`,`group_id`),
  KEY `fk_users_groups_users1_idx` (`user_id`),
  KEY `fk_users_groups_groups1_idx` (`group_id`)
) ENGINE=InnoDB  DEFAULT CHARSET=utf8 AUTO_INCREMENT=8 ;

--
-- Dumping data for table `users_groups`
--

INSERT INTO `users_groups` (`id`, `user_id`, `group_id`) VALUES
(1, 1, 1),
(2, 1, 2),
(3, 2, 2),
(4, 3, 2),
(5, 4, 2),
(6, 5, 2),
(7, 6, 2);

-- --------------------------------------------------------

--
-- Table structure for table `user_profile`
--

CREATE TABLE IF NOT EXISTS `user_profile` (
  `id` int(11) NOT NULL AUTO_INCREMENT,
  `picture` varchar(255) NOT NULL,
  `user_id` int(11) NOT NULL,
  PRIMARY KEY (`id`)
) ENGINE=InnoDB  DEFAULT CHARSET=latin1 AUTO_INCREMENT=7 ;

--
-- Dumping data for table `user_profile`
--

INSERT INTO `user_profile` (`id`, `picture`, `user_id`) VALUES
(1, '2d9cb7ec017a22df2252bbccd848e757.jpg', 1),
(2, 'e6788115a50efbcd7abc357a9ad8cb88.jpg', 2),
(3, '', 3),
(4, '', 4),
(5, '', 5),
(6, '', 6);

-- --------------------------------------------------------

--
-- Table structure for table `x_users`
--

CREATE TABLE IF NOT EXISTS `x_users` (
  `id` int(3) NOT NULL AUTO_INCREMENT,
  `first_name` varchar(25) NOT NULL,
  `last_name` varchar(25) NOT NULL,
  `email` varchar(255) NOT NULL,
  `mobile` varchar(15) NOT NULL,
  `addr` varchar(200) NOT NULL,
  `password` char(60) NOT NULL,
  `created_on` datetime NOT NULL,
  `last_login` datetime NOT NULL,
  `last_seen` datetime NOT NULL,
  `last_edited` timestamp NOT NULL DEFAULT CURRENT_TIMESTAMP ON UPDATE CURRENT_TIMESTAMP,
  `account_status` char(1) NOT NULL DEFAULT '1',
  `deleted` char(1) NOT NULL DEFAULT '0',
  PRIMARY KEY (`id`)
) ENGINE=InnoDB  DEFAULT CHARSET=latin1 COMMENT='Former users. just keeping it' AUTO_INCREMENT=5 ;

--
-- Dumping data for table `x_users`
--

INSERT INTO `x_users` (`id`, `first_name`, `last_name`, `email`, `mobile`, `addr`, `password`, `created_on`, `last_login`, `last_seen`, `last_edited`, `account_status`, `deleted`) VALUES
(1, 'Test', 'Test', 'test@cuditrader.com', '08159934690', '22 sf hjk Fin Lagos ', '$2y$10$xvZEu0oJJA.q2Y59J7BgaOWpe0eckqZ/pxEChrljzF9ioxU8hKPpq', '2017-04-07 17:28:08', '2017-04-07 17:28:08', '2017-04-07 17:28:08', '2018-07-25 13:06:58', '1', '0'),
(2, 'Omo', 'Iya', 'omoiya@cuditrader.com', '08023441223', '', '$2y$10$QmCWHvgoDO8ARO1VSiUegueaCwQcycAkr4WSkA1u4RGCahAef8hN.', '2018-08-09 15:35:48', '0000-00-00 00:00:00', '0000-00-00 00:00:00', '2018-08-09 14:45:51', '1', '0'),
(3, 'Alagbada', 'Ina', 'alagbada@ina.com', '08098765432', '', '$2y$10$P4Q.7sCdn4gakn9ZglHMb.cM257m7zllGIlQC.mOC1FZj50BpD0lu', '2018-08-09 15:46:38', '0000-00-00 00:00:00', '0000-00-00 00:00:00', '2018-08-09 14:46:38', '1', '0'),
(4, 'Wasiu', 'Ayinde', 'wasiu@ayin.de', '08097531246', '', '$2y$10$073RZrHSsZqwC05tLEaehetSS6O9hEi8XNxEPmQiQ6bQPavfo0Rxi', '2018-08-12 17:45:20', '0000-00-00 00:00:00', '0000-00-00 00:00:00', '2018-08-12 16:45:20', '1', '0');

--
-- Constraints for dumped tables
--

--
-- Constraints for table `users_groups`
--
ALTER TABLE `users_groups`
  ADD CONSTRAINT `fk_users_groups_groups1` FOREIGN KEY (`group_id`) REFERENCES `groups` (`id`) ON DELETE CASCADE ON UPDATE NO ACTION,
  ADD CONSTRAINT `fk_users_groups_users1` FOREIGN KEY (`user_id`) REFERENCES `users` (`id`) ON DELETE CASCADE ON UPDATE NO ACTION;

/*!40101 SET CHARACTER_SET_CLIENT=@OLD_CHARACTER_SET_CLIENT */;
/*!40101 SET CHARACTER_SET_RESULTS=@OLD_CHARACTER_SET_RESULTS */;
/*!40101 SET COLLATION_CONNECTION=@OLD_COLLATION_CONNECTION */;
